Player Name,Age,G,GS,MP,PER,TS%,3PAr,FTr,ORB%,DRB%,TRB%,AST%,STL%,BLK%,TOV%,USG%,OWS,DWS,WS,WS/48,OBPM,DBPM,BPM,VORP,FG,FGA,FG%,3P,3PA,3P%,2P,2PA,2P%,eFG%,FT,FTA,FT%,ORB,DRB,TRB,AST,STL,BLK,TOV,PF,PTS
A.J. Hammons,24,22,0,163,8.4,0.472,0.238,0.476,5.4,20.9,12.8,3.8,0.3,7.2,16.4,17.6,-0.2,0.2,0,-0.001,-7.5,1.9,-5.6,-0.1,17,42,0.405,5,10,0.5,12,32,0.38,0.46,9,20,0.45,8,28,36,4,1,13,10,21,48
Aaron Brooks,32,65,0,894,9.5,0.507,0.427,0.133,2.3,6.3,4.3,20.7,1.4,0.9,17.2,19.2,-0.2,0.5,0.3,0.016,-2.1,-2.6,-4.6,-0.6,121,300,0.403,48,128,0.375,73,172,0.42,0.48,32,40,0.8,18,51,69,125,25,9,66,93,322
Aaron Gordon,21,80,72,2298,14.4,0.53,0.309,0.251,5.3,14.1,9.6,10.5,1.4,1.4,8.5,20.1,2,1.7,3.7,0.076,-0.2,-0.4,-0.7,0.8,393,865,0.454,77,267,0.288,316,598,0.53,0.5,156,217,0.719,116,289,405,150,64,40,89,172,1019
Aaron Harrison,22,5,0,17,-2.2,0.102,0.5,0.5,0,19.5,9.7,22.6,0,0,0,12.9,-0.1,0,-0.1,-0.146,-9.6,-2.1,-11.6,0,0,4,0,0,2,0,0,2,0,0,1,2,0.5,0,3,3,3,0,0,0,2,1
Adreian Payne,25,18,0,135,14.4,0.505,0.278,0.352,7.7,21,14.3,8,3,4.4,11.4,23.1,0,0.2,0.2,0.086,-2.2,0.7,-1.5,0,23,54,0.426,3,15,0.2,20,39,0.51,0.45,14,19,0.737,9,24,33,7,8,7,8,32,63
Al Horford,30,68,68,2193,17.7,0.553,0.302,0.169,4.9,18.6,11.8,24.4,1.2,3.3,11.9,19.8,3.6,2.7,6.3,0.137,1,2.1,3.1,2.8,379,801,0.473,86,242,0.355,293,559,0.52,0.53,108,135,0.8,95,369,464,337,52,87,116,138,952
Al Jefferson,32,66,1,931,18.9,0.526,0.002,0.18,9.2,24.2,16.8,11,1,1.5,6.1,26.1,1.2,1.1,2.3,0.119,-1.5,-1.5,-3.1,-0.3,235,471,0.499,0,1,0,235,470,0.5,0.5,65,85,0.765,75,203,278,57,19,16,33,125,535
Alan Anderson,34,30,0,308,5,0.494,0.55,0.2,1.1,7.4,4.4,4.9,0.5,0,7.4,13.7,0,0.1,0.1,0.02,-2.6,-2.3,-4.9,-0.2,30,80,0.375,14,44,0.318,16,36,0.44,0.46,12,16,0.75,3,21,24,11,3,0,7,35,86
Alan Williams,24,47,0,708,19.5,0.547,0.004,0.419,14,31.2,22.4,5.2,1.8,3.7,10.5,20.9,1.1,0.9,2.1,0.142,-1.8,0.2,-1.7,0.1,138,267,0.517,0,1,0,138,266,0.52,0.52,70,112,0.625,94,198,292,23,27,32,37,125,346
Alec Burks,25,42,0,653,11.6,0.501,0.306,0.315,3.1,17.7,10.6,7.5,1.4,0.6,11,22.7,-0.1,0.9,0.8,0.056,-3.3,-0.9,-4.2,-0.4,99,248,0.399,25,76,0.329,74,172,0.43,0.45,60,78,0.769,17,103,120,30,18,5,35,50,283
Alex Abrines,23,68,6,1055,10.1,0.56,0.724,0.144,1.9,7.1,4.5,5.5,1.7,0.6,8.3,15.9,1.2,0.9,2.1,0.095,-0.3,-2.2,-2.5,-0.1,134,341,0.393,94,247,0.381,40,94,0.43,0.53,44,49,0.898,18,68,86,40,37,8,33,114,406
Alex Len,23,77,34,1560,15,0.553,0.026,0.449,10.6,25.3,17.8,4.2,1.1,5.1,15.5,17.6,1.2,1.7,3,0.091,-3,1.2,-1.8,0.1,230,463,0.497,3,12,0.25,227,451,0.5,0.5,150,208,0.721,156,354,510,44,37,98,102,242,613
Alex Poythress,23,6,1,157,13.2,0.548,0.352,0.185,7.7,12.7,10.2,5.1,0.9,1,4.9,16.9,0.2,0.1,0.3,0.099,-0.6,-1.9,-2.5,0,25,54,0.463,6,19,0.316,19,35,0.54,0.52,8,10,0.8,11,18,29,5,3,2,3,14,64
Alexis Ajinca,28,39,15,584,12.9,0.529,0.022,0.225,8.3,23.8,16,3.1,1.7,3.1,13.7,17.2,0,0.9,1,0.08,-5.1,1,-4.1,-0.3,89,178,0.5,0,4,0,89,174,0.51,0.5,29,40,0.725,46,131,177,12,20,22,31,77,207
Al-Farouq Aminu,26,61,25,1773,11.3,0.506,0.455,0.292,4.8,23.5,14.1,7.9,1.7,2,15.2,15.4,-0.1,2,1.9,0.051,-2.3,1.2,-1.1,0.4,183,466,0.393,70,212,0.33,113,254,0.45,0.47,96,136,0.706,77,374,451,99,60,44,94,102,532
Allen Crabbe,24,79,7,2254,11.6,0.602,0.467,0.192,0.9,10.2,5.5,6.1,1.2,0.7,8.1,14.9,3.1,1,4.1,0.088,0.3,-1.4,-1.1,0.5,303,647,0.468,134,302,0.444,169,345,0.49,0.57,105,124,0.847,19,206,225,93,54,20,62,171,845
Alonzo Gee,29,13,0,89,3.1,0.306,0.214,0.643,5,13.5,9.3,8.2,2.7,0.9,18.2,10.5,-0.1,0.1,-0.1,-0.032,-5.6,1,-4.6,-0.1,3,14,0.214,0,3,0,3,11,0.27,0.21,5,9,0.556,4,11,15,6,5,1,4,14,11
Amir Johnson,29,80,77,1608,15,0.628,0.178,0.27,8.2,17,12.6,13,1.6,3.2,15.7,13.6,2.9,2.1,5,0.149,-0.2,2.4,2.2,1.7,213,370,0.576,27,66,0.409,186,304,0.61,0.61,67,100,0.67,117,248,365,140,52,62,77,211,520
Anderson Varejao,34,14,1,92,9.4,0.478,0,0.786,15.3,16.8,16.1,13,1.6,2.6,29.8,12.6,0,0.1,0.2,0.097,-3.2,2.5,-0.6,0,5,14,0.357,0,0,0,5,14,0.36,0.36,8,11,0.727,12,15,27,10,3,3,8,16,18
Andre Drummond,23,81,81,2409,20.9,0.518,0.008,0.39,15.1,36.3,25.3,5.9,2.6,3.1,12.5,22.4,1.4,5.3,6.7,0.133,-2.1,2.9,0.8,1.7,483,911,0.53,2,7,0.286,481,904,0.53,0.53,137,355,0.386,345,771,1116,89,124,89,152,237,1105
Andre Iguodala,33,76,0,1998,14.4,0.624,0.427,0.246,3,13.1,8.3,16.7,1.8,1.5,11.2,11.2,4.1,2.9,6.9,0.167,1.3,1.7,3,2.5,219,415,0.528,64,177,0.362,155,238,0.65,0.61,72,102,0.706,51,253,304,262,76,39,58,97,574
Andre Roberson,25,79,79,2376,9.6,0.51,0.397,0.24,4.6,14.2,9.4,4.6,1.9,2.7,9.1,10.1,1.1,3.1,4.2,0.085,-2.1,2.1,0,1.2,215,463,0.464,45,184,0.245,170,279,0.61,0.51,47,111,0.423,98,304,402,79,94,79,51,204,522
Andrew Bogut,32,27,21,583,9.3,0.46,0.012,0.136,10.6,33.9,21.7,12.3,1.2,3.9,33.4,10.4,-0.3,1,0.7,0.055,-5.6,5.3,-0.3,0.3,38,81,0.469,0,1,0,38,80,0.48,0.47,3,11,0.273,56,162,218,49,13,25,43,86,79
Andrew Harrison,22,72,18,1474,8.7,0.477,0.433,0.539,1.7,9,5.3,20,1.9,1.3,16,16.4,0,1.5,1.6,0.051,-2.4,0,-2.5,-0.2,117,360,0.325,43,156,0.276,74,204,0.36,0.39,148,194,0.763,23,113,136,198,54,20,85,194,425
Andrew Nicholson,27,38,0,342,5.9,0.427,0.243,0.126,4.9,14.6,9.8,4.1,2.3,1.5,12.7,17,-0.5,0.4,-0.1,-0.019,-5.9,-0.5,-6.4,-0.4,43,111,0.387,5,27,0.185,38,84,0.45,0.41,9,14,0.643,15,46,61,10,16,6,17,55,100
Andrew Wiggins,21,82,82,3048,16.5,0.534,0.184,0.345,3.9,8.8,6.3,10.6,1.4,0.8,9.4,29,3.3,0.9,4.2,0.066,0.2,-2.9,-2.7,-0.6,709,1570,0.452,103,289,0.356,606,1281,0.47,0.48,412,542,0.76,103,226,329,189,82,30,187,183,1933
Anthony Bennett,23,23,1,264,14.7,0.533,0.522,0.391,10.1,21,15.6,7.1,0.9,0.9,10,19.4,0.3,0.2,0.5,0.09,-0.8,-2.2,-3,-0.1,38,92,0.413,13,48,0.271,25,44,0.57,0.48,26,36,0.722,25,53,78,12,5,3,12,18,115
Anthony Brown,24,11,0,159,7.2,0.43,0.54,0,5.3,16.9,11,7.6,1.5,0.5,10.7,15.6,-0.2,0.2,0,0.002,-3.8,-0.2,-4,-0.1,18,50,0.36,7,27,0.259,11,23,0.48,0.43,0,0,0,8,25,33,8,5,1,6,15,43
Anthony Davis,23,75,75,2708,27.5,0.579,0.088,0.424,6.7,27.9,17.3,11.1,1.7,5.1,9.1,32.6,5.9,5.1,11,0.196,1.4,2.3,3.7,3.9,770,1527,0.504,40,134,0.299,730,1393,0.52,0.52,519,647,0.802,174,712,886,157,94,167,181,168,2099
Anthony Morrow,31,49,7,714,10,0.505,0.528,0.147,1.9,2.9,2.4,5.2,1.7,0.2,2.2,16.4,0.7,0.5,1.2,0.083,-1.2,-3.1,-4.3,-0.4,98,252,0.389,41,133,0.308,57,119,0.48,0.47,34,37,0.919,12,19,31,25,24,2,6,44,271
Anthony Tolliver,31,65,9,1477,11.1,0.595,0.655,0.234,4,14.5,9.3,7.7,1.1,1.2,12.6,13.6,1.5,0.8,2.3,0.075,0.2,-0.8,-0.6,0.5,155,351,0.442,90,230,0.391,65,121,0.54,0.57,61,82,0.744,51,188,239,77,33,20,56,109,461
Archie Goodwin,22,15,0,214,18.7,0.651,0.227,0.636,3.5,10.3,6.9,18.5,0.9,1.8,14.2,19.8,0.6,0.1,0.7,0.153,0.6,-1.7,-1.1,0,36,66,0.545,5,15,0.333,31,51,0.61,0.58,33,42,0.786,7,21,28,24,4,5,14,8,110
Arinze Onuaku,29,8,0,28,5.8,0.5,0,0,7.6,16,11.7,9.9,0,2.9,33.3,9.4,0,0,0,-0.005,-6.5,0.7,-5.9,0,2,4,0.5,0,0,0,2,4,0.5,0.5,0,0,0,2,4,6,2,0,1,2,3,4
Aron Baynes,30,75,2,1163,13.1,0.57,0,0.337,10,21.6,15.6,3.9,0.7,2.8,13.5,14.1,1.4,1.5,3,0.123,-2.9,1.1,-1.8,0.1,143,279,0.513,0,0,0,143,279,0.51,0.51,79,94,0.84,111,222,333,32,17,39,50,166,365
Arron Afflalo,31,61,45,1580,9,0.559,0.36,0.221,0.7,8.4,4.6,7.4,0.7,0.4,8.4,14.4,1.2,0.2,1.4,0.043,-1.4,-2,-3.5,-0.6,185,420,0.44,62,151,0.411,123,269,0.46,0.51,83,93,0.892,9,116,125,78,21,7,42,104,515
Austin Rivers,24,74,29,2054,11.4,0.545,0.409,0.261,1.1,7.5,4.4,15,1.2,0.4,12.4,20.3,1.2,1.3,2.5,0.059,-0.1,-1.5,-1.6,0.2,323,731,0.442,111,299,0.371,212,432,0.49,0.52,132,191,0.691,20,141,161,204,48,10,115,187,889
Avery Bradley,26,55,55,1835,14.4,0.548,0.357,0.12,4,16.2,10.1,10.9,1.8,0.5,9.7,21.9,1.1,2,3.1,0.08,-0.2,-0.4,-0.5,0.7,359,775,0.463,108,277,0.39,251,498,0.5,0.53,68,93,0.731,65,269,334,121,68,11,88,141,894
Axel Toupane,24,4,0,47,6.2,0.611,0.444,0,0,2.3,1.1,0,1,1.7,0,8.5,0,0,0.1,0.061,-2.8,-1,-3.8,0,5,9,0.556,1,4,0.25,4,5,0.8,0.61,0,0,0,0,1,1,0,1,1,0,6,11
Ben Bentil,21,3,0,10,-17.6,0,0.333,0,0,24.4,11.6,0,0,0,25,18.9,-0.1,0,-0.1,-0.473,-22.4,-4.5,-26.9,-0.1,0,3,0,0,1,0,0,2,0,0,0,0,0,0,2,2,0,0,0,1,1,0
Ben McLemore,23,61,26,1176,9.8,0.538,0.406,0.222,1.9,10.8,6.4,6.9,1.2,0.5,11.9,20.1,-0.1,0.5,0.4,0.015,-2.1,-2.7,-4.8,-0.8,180,419,0.43,65,170,0.382,115,249,0.46,0.51,70,93,0.753,19,111,130,51,29,6,62,108,495
Beno Udrih,34,39,0,560,16.1,0.535,0.162,0.173,1.1,10.3,5.6,35.4,1.2,0,14.9,19.7,0.8,0.5,1.3,0.111,-0.5,-2.1,-2.6,-0.1,92,197,0.467,11,32,0.344,81,165,0.49,0.5,32,34,0.941,6,51,57,131,13,0,37,29,227
Bismack Biyombo,24,81,27,1793,12.2,0.546,0,0.69,9.3,25.6,17.2,6,0.7,4.1,17.7,13.2,0.8,2.1,2.9,0.077,-4.2,2,-2.2,-0.1,179,339,0.528,0,0,0,179,339,0.53,0.53,125,234,0.534,157,410,567,74,25,91,95,202,483
Blake Griffin,27,61,61,2076,22.7,0.569,0.116,0.434,6.1,20.2,13.4,24.5,1.4,0.9,10.9,28,5.4,2.4,7.7,0.179,3.2,1.3,4.4,3.4,479,971,0.493,38,113,0.336,441,858,0.51,0.51,320,421,0.76,111,385,496,300,58,23,142,157,1316
Boban Marjanovic,28,35,0,293,29.6,0.606,0,0.439,16.5,32.5,24.2,5.3,1,3.4,6,25.3,1.2,0.5,1.7,0.28,1,-0.9,0.1,0.2,72,132,0.545,0,0,0,72,132,0.55,0.55,47,58,0.81,46,84,130,9,6,12,10,25,191
Bobby Brown,32,25,0,123,10.8,0.509,0.583,0.033,0,5.3,2.7,17.6,0.4,0,7.6,22.7,0.1,0,0.1,0.04,-1.5,-6.1,-7.6,-0.2,23,60,0.383,14,35,0.4,9,25,0.36,0.5,2,2,1,0,6,6,14,1,0,5,5,62
Bobby Portis,21,64,13,1000,14.9,0.545,0.256,0.157,8,24,16,5.7,0.8,0.9,8.4,19.1,1.1,1.2,2.4,0.114,-1.6,-1.5,-3.1,-0.3,183,375,0.488,32,96,0.333,151,279,0.54,0.53,39,59,0.661,75,221,296,35,16,11,37,94,437
Bojan Bogdanovic,27,81,54,2083,13.5,0.585,0.464,0.288,1.9,12.3,7.2,8.7,0.8,0.3,12,22.4,2,0.9,2.9,0.067,-0.1,-2.8,-2.8,-0.4,376,845,0.445,144,392,0.367,232,453,0.51,0.53,217,243,0.893,37,240,277,111,34,7,130,146,1113
Boris Diaw,34,73,33,1283,9,0.494,0.248,0.107,4.3,9.8,7.1,20.3,0.7,0.6,20.3,15.6,-0.1,1.2,1.1,0.041,-2.7,-0.2,-2.9,-0.3,146,327,0.446,20,81,0.247,126,246,0.51,0.48,26,35,0.743,46,112,158,170,18,9,87,83,338
Bradley Beal,23,77,77,2684,20.1,0.604,0.418,0.259,2.2,7.8,5,16.2,1.5,0.7,9.6,26.5,6.8,1.6,8.5,0.151,4.5,-2.4,2.2,2.8,637,1322,0.482,223,552,0.404,414,770,0.54,0.57,282,342,0.825,53,186,239,267,83,21,157,169,1779
Brandan Wright,29,28,5,447,18.5,0.628,0.007,0.259,7.7,12.4,10,6,1.3,4.3,6.2,16.3,1.1,0.5,1.6,0.177,0,1.3,1.3,0.4,83,135,0.615,0,1,0,83,134,0.62,0.62,23,35,0.657,31,47,78,15,11,20,10,42,189
Brandon Bass,31,52,0,577,19.7,0.65,0.016,0.473,8.6,16.2,12.5,5.7,1.2,1.6,11.4,19.7,1.6,0.6,2.2,0.186,0.1,-0.8,-0.7,0.2,107,186,0.575,1,3,0.333,106,183,0.58,0.58,77,88,0.875,43,86,129,21,14,11,29,45,292
Brandon Ingram,19,79,40,2279,8.5,0.474,0.273,0.312,2.8,12.8,7.6,10.5,1.1,1.3,12.9,16.8,-1,0.7,-0.3,-0.007,-3.1,-0.7,-3.8,-1.1,276,686,0.402,55,187,0.294,221,499,0.44,0.44,133,214,0.621,60,257,317,166,50,36,116,158,740
Brandon Jennings,27,81,13,1802,12.1,0.479,0.471,0.284,1.8,10.1,5.9,30.4,1.9,0.2,17.5,17.6,0.7,1,1.7,0.046,-0.8,-2.2,-3,-0.4,192,535,0.359,79,252,0.313,113,283,0.4,0.43,114,152,0.75,29,167,196,395,70,5,128,116,577
Brandon Knight,25,54,5,1140,12.3,0.502,0.265,0.293,2.3,9.1,5.6,17.8,1.1,0.4,13.1,25,0.1,0.2,0.3,0.013,-1.5,-3,-4.5,-0.7,209,525,0.398,45,139,0.324,164,386,0.43,0.44,132,154,0.857,25,93,118,130,27,5,89,87,595
Brandon Rush,31,47,33,1030,6.6,0.505,0.61,0.096,1.8,9.5,5.6,5.8,1.1,1.9,12.6,9.6,0.1,0.3,0.4,0.019,-2,-0.1,-2.1,0,70,187,0.374,44,114,0.386,26,73,0.36,0.49,13,18,0.722,16,83,99,45,22,23,28,42,197
Brian Roberts,31,41,2,416,9.8,0.51,0.361,0.32,1.3,9,5.2,18.7,1.1,0.2,15.7,17.9,0,0.3,0.2,0.028,-3.3,-2.6,-5.9,-0.4,46,122,0.377,17,44,0.386,29,78,0.37,0.45,33,39,0.846,5,34,39,52,9,1,26,18,142
Briante Weber,24,20,0,205,11,0.462,0.167,0.267,4.3,9.6,7,15,2.9,0.4,10.7,16.3,0,0.2,0.3,0.059,-3.2,0,-3.2,-0.1,25,60,0.417,1,10,0.1,24,50,0.48,0.43,11,16,0.688,8,18,26,21,12,1,8,16,62
Brice Johnson,22,3,0,9,17.2,0.286,0,0,12.8,24.2,18.6,18.6,11.1,9.1,12.5,39.8,-0.1,0,0,-0.164,-10.7,12,1.3,0,2,7,0.286,0,0,0,2,7,0.29,0.29,0,0,0,1,2,3,1,2,1,1,0,4
Brook Lopez,28,75,75,2222,20.4,0.578,0.33,0.311,5.8,13.3,9.6,14.8,0.8,4.2,12.1,29.2,3.1,1.8,4.9,0.105,1.9,-0.4,1.5,2,555,1172,0.474,134,387,0.346,421,785,0.54,0.53,295,364,0.81,121,282,403,176,38,124,184,192,1539
Bruno Caboclo,21,9,0,40,14.6,0.438,0.375,0,14.2,14.1,14.1,15.1,2.5,2.2,11.1,20.1,0,0.1,0.1,0.083,0.1,0.7,0.8,0,6,16,0.375,2,6,0.333,4,10,0.4,0.44,0,0,0,5,5,10,4,2,1,2,4,14
Bryn Forbes,23,36,0,285,5.9,0.462,0.535,0.061,0.8,8.2,4.6,11.7,0.2,0,9.8,17.9,-0.2,0.2,0.1,0.014,-3.2,-2.8,-6,-0.3,36,99,0.364,17,53,0.321,19,46,0.41,0.45,5,6,0.833,2,21,23,23,1,0,11,20,94
Buddy Hield,23,82,55,1888,11.8,0.54,0.493,0.099,2,13.5,7.8,10.3,1,0.4,11.2,21.4,0,1.3,1.3,0.032,-0.9,-1.9,-2.8,-0.4,327,768,0.426,148,379,0.391,179,389,0.46,0.52,64,76,0.842,35,234,269,121,38,9,101,115,866
C.J. McCollum,25,80,80,2796,19.9,0.585,0.305,0.204,2.4,9.2,5.8,18,1.3,1.2,9.9,27.5,6.2,1.4,7.6,0.131,3.3,-2.2,1,2.1,692,1441,0.48,185,440,0.42,507,1001,0.51,0.54,268,294,0.912,60,231,291,285,72,42,172,202,1837
C.J. Miles,29,76,29,1776,13.7,0.592,0.632,0.144,1.9,12.4,7.2,4.1,1.3,1.2,5.5,18.4,2.7,1.4,4,0.109,1.5,-2.1,-0.5,0.7,281,647,0.434,169,409,0.413,112,238,0.47,0.57,84,93,0.903,30,199,229,48,46,25,40,151,815
C.J. Watson,32,62,9,1012,9.3,0.507,0.423,0.266,1.7,8.1,4.8,16.1,2.1,0.2,14.5,14.1,0.2,0.6,0.9,0.041,-2.5,-1.1,-3.6,-0.4,96,248,0.387,32,105,0.305,64,143,0.45,0.45,57,66,0.864,16,73,89,114,43,2,47,84,281
C.J. Wilcox,26,22,0,108,2.9,0.329,0.484,0.065,3.9,8.3,6,15.5,0.9,0.7,15.8,15.4,-0.2,0,-0.2,-0.09,-6.5,-2.2,-8.7,-0.2,8,31,0.258,3,15,0.2,5,16,0.31,0.31,2,2,1,4,8,12,12,2,1,6,8,21
Cameron Payne,22,31,0,462,5.6,0.407,0.446,0.041,0.7,10.7,5.7,17.7,1.5,0.9,12.9,20.9,-0.8,0.4,-0.3,-0.034,-4.8,-2.1,-6.9,-0.6,64,193,0.332,27,86,0.314,37,107,0.35,0.4,5,8,0.625,3,45,48,55,14,5,29,52,160
Caris LeVert,22,57,26,1237,12.2,0.556,0.484,0.245,2,13.9,8,13.7,1.9,0.5,12.3,16.6,0.8,1,1.8,0.07,-0.7,-0.4,-1.1,0.3,171,380,0.45,59,184,0.321,112,196,0.57,0.53,67,93,0.72,23,165,188,110,49,8,59,91,468
Carmelo Anthony,32,74,74,2538,17.9,0.535,0.303,0.263,2.6,15.9,9.3,14.5,1.2,1.1,9,29.1,3.2,1.5,4.7,0.089,1.5,-2.2,-0.7,0.8,602,1389,0.433,151,421,0.359,451,968,0.47,0.49,304,365,0.833,62,374,436,213,60,34,153,198,1659
Chandler Parsons,28,34,34,675,7.6,0.436,0.419,0.194,1,13.6,7.1,12.8,1.5,0.7,9.1,17.8,-0.5,0.7,0.2,0.016,-3.6,-0.5,-4,-0.3,75,222,0.338,25,93,0.269,50,129,0.39,0.39,35,43,0.814,6,78,84,55,20,5,24,52,210
Channing Frye,33,74,15,1398,15.6,0.612,0.644,0.142,3,19.3,11.4,4.9,1.2,2.1,8.8,19.3,2.3,1.4,3.7,0.125,0.8,-1.5,-0.6,0.5,238,520,0.458,137,335,0.409,101,185,0.55,0.59,63,74,0.851,37,253,290,45,33,37,53,138,676
Chasson Randle,23,26,0,299,13.6,0.586,0.48,0.439,2.2,9.4,5.8,16.8,1.5,0.5,14,19.7,0.5,0.1,0.7,0.106,0.3,-2.9,-2.6,0,40,98,0.408,16,47,0.34,24,51,0.47,0.49,41,43,0.953,6,26,32,34,9,2,19,39,137
Cheick Diallo,20,17,0,199,16.8,0.51,0,0.276,12.1,26.7,19.3,3.2,1,2.9,7.6,20.5,0.2,0.3,0.5,0.111,-4.6,-1,-5.6,-0.2,36,76,0.474,0,0,0,36,76,0.47,0.47,15,21,0.714,23,50,73,4,4,7,7,17,87
Chinanu Onuaku,20,5,1,52,12.3,0.799,0,0.571,4.2,16.8,10.5,7.8,2.8,1.6,31.3,10.4,0.1,0.1,0.1,0.123,-2.4,1.8,-0.6,0,5,7,0.714,0,0,0,5,7,0.71,0.71,4,4,1,2,8,10,3,3,1,4,6,14
Chris Andersen,38,12,0,114,11.6,0.497,0.136,0.636,9,20.6,15,5.9,2.2,5,15.1,13,0.1,0.2,0.2,0.102,-3.8,3,-0.9,0,9,22,0.409,0,3,0,9,19,0.47,0.41,10,14,0.714,9,22,31,5,5,7,5,20,28
Chris McCullough,21,16,0,80,15.2,0.526,0.219,0.156,12.1,13.3,12.7,4.4,1.2,1.9,8.1,19.9,0.1,0.1,0.1,0.072,-2,-2.6,-4.6,-0.1,16,32,0.5,1,7,0.143,15,25,0.6,0.52,3,5,0.6,9,10,19,2,2,2,3,7,36
Chris Paul,31,61,61,1921,26.2,0.614,0.385,0.331,2.5,14.9,8.8,46.8,3.1,0.3,14,24.4,8,2.6,10.6,0.264,7.8,1,8.7,5.2,374,785,0.476,124,302,0.411,250,483,0.52,0.56,232,260,0.892,41,263,304,563,118,8,147,146,1104
Christian Wood,21,13,0,107,15.1,0.591,0.217,0.652,14.3,15.5,14.9,2.8,1.4,4.9,19.1,15.4,0.1,0.1,0.3,0.125,-2.5,0.6,-2,0,12,23,0.522,0,5,0,12,18,0.67,0.52,11,15,0.733,14,15,29,2,3,6,7,11,35
Clint Capela,22,65,59,1551,21.4,0.638,0,0.314,12.5,24.5,18.5,6.9,1.1,4.2,12,19.9,3.9,2.1,6,0.185,0,1,1,1.2,362,563,0.643,0,0,0,362,563,0.64,0.64,94,177,0.531,178,348,526,64,34,80,87,179,818
Cody Zeller,24,62,58,1725,16.7,0.604,0.002,0.442,8.6,17.3,12.9,9.1,1.8,3,10.9,15.5,3.4,2.2,5.6,0.157,-0.2,2.3,2.1,1.8,253,443,0.571,0,1,0,253,442,0.57,0.57,133,196,0.679,135,270,405,99,62,58,65,189,639
Cole Aldrich,28,62,0,531,12.7,0.549,0,0.256,11,23.9,17.4,6.4,2.4,3.7,15.1,9.4,0.6,0.7,1.3,0.116,-2,2.6,0.6,0.4,45,86,0.523,0,0,0,45,86,0.52,0.52,15,22,0.682,51,107,158,25,25,23,17,85,105
Corey Brewer,30,82,11,1281,9.1,0.491,0.339,0.195,2.7,11.5,7.1,10.7,2.3,1.2,12.7,14.3,0,1.2,1.2,0.045,-2.9,0.2,-2.7,-0.2,147,348,0.422,27,118,0.229,120,230,0.52,0.46,50,68,0.735,32,134,166,97,61,19,55,133,371
Cory Joseph,25,80,22,2003,13.2,0.518,0.204,0.185,2.9,10.4,6.6,20,1.7,0.6,13.1,18.4,1.7,1.7,3.4,0.082,-0.4,-0.4,-0.8,0.6,299,661,0.452,48,135,0.356,251,526,0.48,0.49,94,122,0.77,51,184,235,265,66,13,108,140,740
Courtney Lee,31,77,74,2459,12.1,0.559,0.382,0.139,2.3,9.1,5.7,10.6,1.6,0.8,8.5,14.4,3.1,1.1,4.2,0.081,0.5,-0.7,-0.2,1.1,321,704,0.456,108,269,0.401,213,435,0.49,0.53,85,98,0.867,53,207,260,179,81,23,69,141,835
Cristiano Felicio,24,66,0,1040,15.2,0.601,0,0.419,12.8,19.5,16.1,5.7,1.2,1.2,11.2,12.4,2.1,1.3,3.4,0.157,-0.6,0.5,-0.1,0.5,128,222,0.577,0,0,0,128,222,0.58,0.58,60,93,0.645,124,187,311,40,25,16,33,110,316
D.J. Augustin,29,78,20,1538,11,0.524,0.53,0.311,1,7.4,4.1,20.4,1,0.1,13.3,19.4,0.7,0.5,1.2,0.038,-0.9,-3.3,-4.2,-0.9,195,517,0.377,95,274,0.347,100,243,0.41,0.47,131,161,0.814,15,102,117,209,31,1,90,101,616
Dahntay Jones,36,1,0,12,14.7,0.461,0.25,0.5,9.5,8.9,9.2,14.5,0,0,9.3,39.9,0,0,0,-0.03,-3.8,-7.1,-10.9,0,3,8,0.375,0,2,0,3,6,0.5,0.38,3,4,0.75,1,1,2,1,0,0,1,1,9
Damian Jones,21,10,0,85,5.3,0.466,0,0.625,12.4,17,14.8,0,0.6,3.7,22.7,13.4,-0.1,0.1,0,0.018,-7.5,-2.1,-9.6,-0.2,8,16,0.5,0,0,0,8,16,0.5,0.5,3,10,0.3,9,14,23,0,1,4,6,15,19
Damian Lillard,26,75,75,2694,24.1,0.586,0.388,0.366,1.9,13.3,7.6,28.7,1.3,0.6,10.2,31.5,8.8,1.5,10.3,0.184,6.4,-2,4.3,4.3,661,1488,0.444,214,578,0.37,447,910,0.49,0.52,488,545,0.895,46,322,368,439,68,20,197,152,2024
Damjan Rudez,30,45,0,314,6.3,0.466,0.727,0,1.7,7.1,4.3,9.2,1.9,0.3,9.3,13.6,-0.1,0.2,0.1,0.008,-2.8,-1.9,-4.7,-0.2,31,88,0.352,20,64,0.313,11,24,0.46,0.47,0,0,0,5,20,25,20,12,1,9,31,82
D'Angelo Russell,20,63,60,1811,15.3,0.518,0.443,0.217,1.8,11.9,6.7,26.8,2.3,0.7,15.6,26.6,0.3,1,1.3,0.034,1.1,-1.6,-0.5,0.7,351,867,0.405,135,384,0.352,216,483,0.45,0.48,147,188,0.782,31,191,222,303,87,16,176,130,984
Daniel Ochefu,23,19,0,75,6.6,0.43,0,0.074,7.6,25.4,16.5,5.8,1.3,0,9.7,18,-0.1,0.1,0,0.005,-6.5,-1.9,-8.4,-0.1,12,27,0.444,0,0,0,12,27,0.44,0.44,0,2,0,5,17,22,3,2,0,3,17,24
Danilo Gallinari,28,63,63,2134,17.4,0.622,0.432,0.516,2,14.7,8.4,9.1,0.9,0.5,8.1,19.9,6.2,0.7,6.9,0.154,2.9,-2.1,0.8,1.5,335,750,0.447,126,324,0.389,209,426,0.49,0.53,349,387,0.902,39,287,326,135,40,15,81,93,1145
Danny Green,29,68,68,1807,10.2,0.537,0.693,0.071,2,11.8,7,9.6,2,2.6,14.1,13.5,0.4,3,3.4,0.09,-0.3,2.7,2.4,2,176,449,0.392,118,311,0.379,58,138,0.42,0.52,27,32,0.844,31,193,224,124,71,58,76,120,497
Dante Cunningham,29,66,35,1649,10.2,0.586,0.504,0.075,3.6,14.2,8.9,3.1,1.2,1.4,7,10.7,1.4,1.6,3,0.088,-1.3,0.8,-0.5,0.6,174,359,0.485,71,181,0.392,103,178,0.58,0.58,16,27,0.593,56,221,277,36,39,28,28,100,435
Dante Exum,21,66,26,1228,8.6,0.521,0.41,0.201,2.9,9.3,6.2,14.2,0.9,0.8,16.8,18.1,-0.1,1.3,1.2,0.047,-2,-0.5,-2.5,-0.1,155,363,0.427,44,149,0.295,111,214,0.52,0.49,58,73,0.795,30,102,132,112,21,12,80,146,412
Danuel House,23,1,0,1,12.2,0,0,0,0,100,56.4,0,0,0,0,0,0,0,0,0.163,-16.4,-4.4,-20.8,0,0,0,0,0,0,0,0,0,0,0,0,0,0,0,1,1,0,0,0,0,0,0
Dario Saric,22,81,36,2129,12.8,0.508,0.368,0.237,5.8,20.8,13.3,14.3,1.3,1.1,15.2,24.6,-1.2,2.2,1,0.023,-2,-0.2,-2.2,-0.1,381,927,0.411,106,341,0.311,275,586,0.47,0.47,172,220,0.782,112,401,513,182,57,30,183,162,1040
Darrell Arthur,28,41,7,639,12.8,0.583,0.544,0.102,4.4,14.9,9.7,9.3,1.5,2.5,13.8,17.3,0.6,0.4,1.1,0.081,0.3,-0.6,-0.3,0.3,95,215,0.442,53,117,0.453,42,98,0.43,0.57,19,22,0.864,25,87,112,42,19,21,36,76,262
Darren Collison,29,68,64,2063,15.3,0.57,0.245,0.239,1.3,7.2,4.3,24.5,1.6,0.4,12.6,19.8,3.1,0.8,3.9,0.091,0.8,-2.3,-1.5,0.3,340,714,0.476,73,175,0.417,267,539,0.5,0.53,147,171,0.86,23,130,153,312,67,9,114,119,900
Darrun Hilliard,23,39,1,381,5.9,0.459,0.365,0.222,0.6,9.2,4.7,12.3,1.5,0.4,16.8,19.3,-0.6,0.4,-0.2,-0.027,-5,-1.1,-6.1,-0.4,47,126,0.373,12,46,0.261,35,80,0.44,0.42,21,28,0.75,2,31,33,33,11,2,28,39,127
David Lee,33,79,10,1477,18.4,0.613,0,0.269,11.6,21.9,16.9,13,1.1,2.2,14.9,16.9,3.2,2.5,5.7,0.186,0.7,2.5,3.2,1.9,248,420,0.59,0,0,0,248,420,0.59,0.59,80,113,0.708,148,292,440,124,31,40,82,125,576
David Nwaba,24,20,2,397,12.1,0.611,0.062,0.481,4.3,13.1,8.5,5,1.6,1.4,10.1,11.8,0.6,0.2,0.7,0.09,-1.7,-0.3,-2,0,47,81,0.58,1,5,0.2,46,76,0.61,0.59,25,39,0.641,16,46,62,14,13,7,11,36,120
David West,36,68,0,854,16.6,0.571,0.032,0.222,6.4,18.8,13,24.1,2.4,4.4,22,17.9,0.9,1.7,2.6,0.148,-1.7,3.9,2.2,0.9,135,252,0.536,3,8,0.375,132,244,0.54,0.54,43,56,0.768,47,156,203,151,42,48,78,105,316
Davis Bertans,24,67,6,808,12.9,0.609,0.739,0.145,3.2,10.6,6.9,8.3,1.3,2.8,11.4,15.7,1.1,1.2,2.3,0.135,1.2,0.5,1.7,0.8,103,234,0.44,69,173,0.399,34,61,0.56,0.59,28,34,0.824,22,77,99,46,20,28,32,75,303
DeAndre' Bembry,22,38,1,371,8.8,0.481,0.184,0.163,4.2,13.1,8.7,11.5,1.1,1.2,13.2,14.2,-0.1,0.4,0.3,0.038,-4.4,0.1,-4.3,-0.2,47,98,0.48,1,18,0.056,46,80,0.58,0.49,6,16,0.375,14,45,59,28,8,5,16,21,101
DeAndre Jordan,28,81,81,2570,21.8,0.673,0.003,0.737,13.3,34.6,24.2,5.7,1,4.3,13.2,15.3,7.2,4.6,11.8,0.22,1,3,4,3.9,412,577,0.714,0,2,0,412,575,0.72,0.71,205,425,0.482,297,817,1114,96,52,135,116,212,1029
DeAndre Liggins,28,62,19,777,7.5,0.476,0.324,0.282,2.9,12.2,7.7,9.2,3,1.5,20.8,11.6,-0.4,0.9,0.5,0.031,-3.9,1.8,-2.1,0,55,142,0.387,17,46,0.37,38,96,0.4,0.45,25,40,0.625,20,88,108,54,47,14,42,81,152
Dejounte Murray,20,38,8,322,9.6,0.503,0.198,0.259,2.2,12.4,7.4,22.6,1.3,1.5,22.7,23.5,-0.4,0.5,0,0.004,-4.6,-0.2,-4.8,-0.2,50,116,0.431,9,23,0.391,41,93,0.44,0.47,21,30,0.7,6,36,42,48,8,6,38,29,130
Delon Wright,24,27,0,446,15,0.535,0.259,0.474,4.1,8.1,6.1,18.2,3.1,2.1,15.1,16.6,0.5,0.6,1.1,0.117,-0.1,1.2,1.1,0.4,49,116,0.422,10,30,0.333,39,86,0.45,0.47,42,55,0.764,16,32,48,57,27,11,25,31,150
DeMar DeRozan,27,74,74,2620,24,0.552,0.08,0.419,3,13.6,8.3,20.6,1.5,0.4,9,34.3,6.7,2.4,9,0.166,2.4,-1.5,0.9,1.9,721,1545,0.467,33,124,0.266,688,1421,0.48,0.48,545,647,0.842,70,316,386,290,78,13,180,134,2020
DeMarcus Cousins,26,72,72,2465,25.7,0.562,0.254,0.468,7.1,29.2,18.2,25.8,2,3.3,13.5,36.5,3.8,3.8,7.6,0.149,3.9,2.6,6.6,5.3,647,1433,0.452,131,364,0.36,516,1069,0.48,0.5,517,670,0.772,153,644,797,332,100,92,269,278,1942
DeMarre Carroll,30,72,72,1882,11.9,0.531,0.583,0.213,3.8,12.7,8.3,5.7,2.2,1.2,8.3,15.5,1.7,2.1,3.8,0.097,0.6,0.4,1,1.4,220,549,0.401,109,320,0.341,111,229,0.49,0.5,89,117,0.761,63,212,275,74,81,27,54,143,638
Demetrius Jackson,22,5,0,17,30.8,0.753,0.25,1.5,13.2,13,13.1,28.2,0,0,0,17.3,0.1,0,0.1,0.386,9.2,-2.8,6.4,0,3,4,0.75,1,1,1,2,3,0.67,0.88,3,6,0.5,2,2,4,3,0,0,0,0,10
Dennis Schroder,23,79,78,2485,16.1,0.533,0.242,0.21,1.9,9,5.5,35.5,1.5,0.6,16.3,27.8,1.2,2.5,3.7,0.071,0.7,-1.4,-0.7,0.8,548,1215,0.451,100,294,0.34,448,921,0.49,0.49,218,255,0.855,42,206,248,499,74,16,258,149,1414
Denzel Valentine,23,57,0,976,7.3,0.492,0.722,0.063,1.2,15.6,8.3,9.3,1.5,0.6,14.2,15.4,-0.5,1.1,0.6,0.031,-2.4,-0.4,-2.8,-0.2,102,288,0.354,73,208,0.351,29,80,0.36,0.48,14,18,0.778,11,140,151,63,30,7,49,86,291
Deron Williams,32,64,44,1657,14,0.541,0.39,0.182,0.9,9.4,5.1,35.9,1,0.4,17.6,22.1,1.5,0.9,2.4,0.069,0.2,-2.4,-2.3,-0.1,263,600,0.438,85,234,0.363,178,366,0.49,0.51,90,109,0.826,14,133,147,360,31,8,138,138,701
Derrick Favors,25,50,39,1186,15.8,0.512,0.024,0.261,9.2,20.2,14.9,7.9,2,2.7,11.4,20.7,0.5,2.2,2.7,0.109,-2.4,2.3,-0.1,0.6,203,417,0.487,3,10,0.3,200,407,0.49,0.49,67,109,0.615,92,213,305,56,45,40,60,103,476
Derrick Jones,19,32,8,545,12,0.604,0.091,0.339,7.6,8.2,7.9,3.1,1.2,1.9,8.6,11.7,0.9,0.2,1.1,0.098,-0.5,-0.5,-1.1,0.1,68,121,0.562,3,11,0.273,65,110,0.59,0.57,29,41,0.707,39,40,79,12,14,13,13,63,168
Derrick Rose,28,64,64,2082,17,0.53,0.061,0.259,3.4,9.3,6.4,22.8,1.1,0.7,11.9,25.7,2.4,0.6,3,0.068,0.2,-2.2,-1.9,0,460,977,0.471,13,60,0.217,447,917,0.49,0.48,221,253,0.874,66,180,246,283,44,17,147,84,1154
Derrick Williams,25,50,11,804,10.6,0.537,0.398,0.365,2.6,15.1,8.9,5.1,0.9,0.7,9,17.2,0.4,0.6,1.1,0.064,-2.4,-1.8,-4.2,-0.4,108,244,0.443,30,97,0.309,78,147,0.53,0.5,58,89,0.652,19,111,130,28,14,7,28,60,304
Devin Booker,20,78,78,2730,14.6,0.531,0.283,0.308,1.8,8.3,5,16.3,1.3,0.6,12.9,28.6,1.4,0.6,2,0.035,0.4,-2.7,-2.3,-0.2,606,1431,0.423,147,405,0.363,459,1026,0.45,0.48,367,441,0.832,46,203,249,268,72,21,241,242,1726
Devin Harris,33,65,0,1087,13.8,0.549,0.519,0.378,1.1,13,6.8,20,2.1,0.6,12.5,19.7,1.1,1.1,2.2,0.096,-0.1,-0.3,-0.4,0.4,136,341,0.399,58,177,0.328,78,164,0.48,0.48,107,129,0.829,11,116,127,136,43,7,57,101,437
Dewayne Dedmon,27,76,37,1330,16,0.645,0,0.359,11.2,30.5,21.1,4.8,1.4,3.7,16.9,12.3,2.2,3,5.2,0.188,-1.5,3.2,1.7,1.2,161,259,0.622,0,0,0,161,259,0.62,0.62,65,93,0.699,129,366,495,44,37,61,61,180,387
Deyonta Davis,20,36,0,238,10.6,0.528,0,0.383,9.3,19.8,14.4,1.3,0.7,6.8,12.7,12,0.1,0.4,0.5,0.097,-5.4,1.8,-3.6,-0.1,24,47,0.511,0,0,0,24,47,0.51,0.51,10,18,0.556,20,40,60,2,3,17,8,40,58
Diamond Stone,19,7,0,24,-1.2,0.339,0,0.308,4.8,22.7,14,0,0,3.4,11.9,31.3,-0.1,0,-0.1,-0.211,-17.3,-6.9,-24.1,-0.1,3,13,0.231,0,0,0,3,13,0.23,0.23,4,4,1,1,5,6,0,0,1,2,5,10
Dion Waiters,25,46,43,1384,14.5,0.507,0.324,0.192,1.4,11,6.2,23.8,1.5,1.1,12.5,26.3,0.2,1.5,1.6,0.057,0,-0.8,-0.8,0.4,281,663,0.424,85,215,0.395,196,448,0.44,0.49,82,127,0.646,18,136,154,200,41,20,103,95,729
Dirk Nowitzki,38,54,54,1424,17,0.529,0.308,0.165,1.8,28.3,14.4,10.6,1.1,2.4,6.6,25.8,0.6,1.9,2.5,0.084,-1.6,0.3,-1.3,0.2,296,678,0.437,79,209,0.378,217,469,0.46,0.5,98,112,0.875,23,330,353,82,30,38,51,113,769
Domantas Sabonis,20,81,66,1632,6.9,0.469,0.331,0.139,3,16.4,9.7,7.2,1.2,1.6,14,15.4,-1,1.8,0.7,0.022,-4.7,-0.1,-4.9,-1.2,192,481,0.399,51,159,0.321,141,322,0.44,0.45,44,67,0.657,45,242,287,82,39,32,83,200,479
Donatas Motiejunas,26,34,0,479,9.2,0.47,0.341,0.355,5.7,16.6,11.1,10.3,1.8,1.9,16.3,17.6,-0.4,0.6,0.2,0.018,-4.1,1.2,-2.9,-0.1,57,138,0.413,11,47,0.234,46,91,0.51,0.45,25,49,0.51,26,75,101,34,18,11,31,55,150
Dorian Finney-Smith,23,81,35,1642,7.7,0.486,0.574,0.183,3.7,12.3,7.8,6,1.6,1.4,11.1,11.6,-0.1,1.5,1.4,0.041,-2.8,1.3,-1.5,0.2,124,333,0.372,56,191,0.293,68,142,0.48,0.46,46,61,0.754,55,166,221,67,52,25,45,125,350
Doug McDermott,25,66,5,1508,10.7,0.554,0.416,0.169,1.4,11.5,6.4,5.9,0.4,0.3,6.6,16.4,1.6,1,2.6,0.083,-1.2,-2.3,-3.5,-0.6,222,497,0.447,77,207,0.372,145,290,0.5,0.52,71,84,0.845,20,159,179,58,13,5,38,79,592
Dragan Bender,19,43,0,574,5.3,0.44,0.627,0.068,4.2,15.6,9.7,5.5,0.8,3.1,16.2,14.4,-0.7,0.3,-0.3,-0.029,-4,-0.3,-4.3,-0.3,57,161,0.354,28,101,0.277,29,60,0.48,0.44,4,11,0.364,23,80,103,23,10,22,32,74,146
Draymond Green,26,76,76,2471,16.5,0.522,0.405,0.328,4.6,20.9,13.3,27.6,3,3.4,19.8,16.2,2.8,5.4,8.2,0.16,0.4,5,5.4,4.6,272,650,0.418,81,263,0.308,191,387,0.49,0.48,151,213,0.709,98,501,599,533,154,106,184,217,776
Dwight Howard,31,74,74,2199,20.8,0.627,0.003,0.692,15,31.7,23.5,7.8,1.4,3.6,17.5,19.2,3.8,4.5,8.3,0.181,-0.5,2.8,2.3,2.4,388,613,0.633,0,2,0,388,611,0.64,0.63,226,424,0.533,296,644,940,104,64,92,170,203,1002
Dwight Powell,25,77,3,1333,17.6,0.588,0.196,0.374,7.7,19.5,13.3,6.1,2.4,2.6,7.2,16.7,2.7,1.9,4.6,0.165,-0.5,1.9,1.4,1.2,194,377,0.515,21,74,0.284,173,303,0.57,0.54,107,141,0.759,93,213,306,49,61,39,34,135,516
Dwyane Wade,35,60,59,1792,18.5,0.508,0.152,0.294,3.8,12.6,8.2,22.4,2.4,1.8,11.3,29.6,0.9,2.5,3.4,0.09,0.4,0.6,1,1.4,414,955,0.434,45,145,0.31,369,810,0.46,0.46,223,281,0.794,64,207,271,229,86,41,138,112,1096
Ed Davis,27,46,12,789,11.5,0.563,0,0.57,13.4,20.7,17.1,4.8,0.9,2.2,17.2,12,1,0.7,1.7,0.104,-2.2,0.2,-2,0,75,142,0.528,0,0,0,75,142,0.53,0.53,50,81,0.617,96,147,243,27,15,22,37,137,200
Edy Tavares,24,2,0,28,21.3,0.633,0,0.6,16.3,26.7,21.6,5.1,0,17.3,24,13.2,0,0.1,0.1,0.15,-3.8,7.7,3.9,0,4,5,0.8,0,0,0,4,5,0.8,0.8,0,3,0,4,7,11,1,0,6,2,3,8
Elfrid Payton,22,82,58,2412,17.2,0.52,0.16,0.231,3.9,13.8,8.7,35.7,1.8,1.3,15,21.6,2.4,2,4.4,0.088,0.7,0.2,0.9,1.7,430,912,0.471,40,146,0.274,390,766,0.51,0.49,146,211,0.692,89,298,387,529,88,40,178,177,1046
Elijah Millsap,29,2,0,23,-3.4,0.19,0.286,0.286,13.8,14.6,14.2,5.6,0,0,20.2,18,-0.1,0,-0.1,-0.233,-9.9,-3.3,-13.2,-0.1,1,7,0.143,0,2,0,1,5,0.2,0.14,1,2,0.5,3,3,6,1,0,0,2,2,3
Emmanuel Mudiay,20,55,41,1406,10.9,0.483,0.323,0.303,2.3,11.6,7,21.8,1.4,0.7,16.5,22.6,-0.4,0.5,0.2,0.006,-2,-1.8,-3.8,-0.6,208,551,0.377,56,178,0.315,152,373,0.41,0.43,131,167,0.784,29,149,178,217,41,13,123,95,603
Enes Kanter,24,72,0,1533,23.7,0.599,0.052,0.387,14.1,20.8,17.4,7.9,1,2,12.5,27.3,4,1.8,5.8,0.183,0.6,-1.9,-1.2,0.3,402,737,0.545,5,38,0.132,397,699,0.57,0.55,224,285,0.786,195,287,482,67,32,38,123,154,1033
Eric Bledsoe,27,66,66,2176,20.6,0.563,0.3,0.443,2.5,13.8,8,31.1,2,1.2,15.3,28.1,4,1.4,5.4,0.119,3.7,-0.4,3.3,2.9,449,1034,0.434,104,310,0.335,345,724,0.48,0.49,388,458,0.847,52,268,320,418,92,31,223,164,1390
Eric Gordon,28,75,15,2323,13.1,0.557,0.651,0.172,1.4,8.1,4.7,12.3,1,1.4,10,22.1,2.5,1.4,3.8,0.079,1,-2.4,-1.4,0.4,412,1016,0.406,246,661,0.372,166,355,0.47,0.53,147,175,0.84,29,172,201,188,48,40,121,150,1217
Ersan Ilyasova,29,82,52,2142,14.6,0.546,0.452,0.233,5.9,18.8,12.4,11,1.3,0.9,10.6,22.2,1.8,2.3,4.1,0.091,0.3,-0.8,-0.5,0.8,384,890,0.431,142,402,0.353,242,488,0.5,0.51,161,207,0.778,115,366,481,141,58,23,116,211,1071
E'Twaun Moore,27,73,22,1820,12.1,0.537,0.336,0.12,1.9,6.9,4.4,13.8,1.3,1.4,8.7,17.4,1.2,1.5,2.7,0.07,-0.8,-0.5,-1.3,0.3,283,619,0.457,77,208,0.37,206,411,0.5,0.52,57,74,0.77,33,119,152,164,50,32,62,131,700
Evan Fournier,24,68,66,2234,13.9,0.555,0.387,0.298,2.1,8.3,5.1,14.8,1.5,0.1,11.8,23.5,1.7,1.1,2.8,0.059,0.8,-2.2,-1.3,0.4,408,930,0.439,128,360,0.356,280,570,0.49,0.51,223,277,0.805,44,165,209,202,66,4,141,180,1167
Evan Turner,28,65,12,1658,11.4,0.491,0.214,0.187,2.4,14.2,8.3,18.4,1.6,1.2,14.3,18.5,0,1.2,1.2,0.035,-2.5,-0.1,-2.6,-0.3,235,552,0.426,31,118,0.263,204,434,0.47,0.45,85,103,0.825,36,211,247,205,53,24,100,121,586
Frank Kaminsky,23,75,16,1954,13,0.502,0.441,0.195,3.2,15.8,9.5,13.5,1.2,1.5,8,21.8,0.4,1.9,2.3,0.056,-0.8,-0.7,-1.5,0.2,320,802,0.399,116,354,0.328,204,448,0.46,0.47,118,156,0.756,57,279,336,162,47,34,76,139,874
Fred VanVleet,22,37,0,294,10.5,0.443,0.261,0.198,1.5,14.6,8.1,17.5,2.9,0.6,11.1,20.6,-0.1,0.4,0.3,0.041,-3.1,-0.1,-3.2,-0.1,39,111,0.351,11,29,0.379,28,82,0.34,0.4,18,22,0.818,4,38,42,35,17,2,15,36,107
Garrett Temple,30,65,21,1728,11.2,0.545,0.509,0.171,2.2,10,6.1,14.5,2.5,1.5,14.4,14.2,0.9,1.3,2.2,0.062,-0.3,0.6,0.3,1,183,432,0.424,82,220,0.373,101,212,0.48,0.52,58,74,0.784,32,151,183,169,84,28,78,141,506
Gary Harris,22,57,56,1782,16.5,0.611,0.4,0.21,3,8,5.5,13.6,1.9,0.3,9.8,18.4,3.9,0.7,4.6,0.124,3.1,-1.6,1.5,1.6,320,637,0.502,107,255,0.42,213,382,0.56,0.59,104,134,0.776,48,130,178,164,71,8,76,92,851
Gary Neal,32,2,0,18,-4.3,0.228,0.286,0.571,0,6,3.1,7.1,0,0,0,21.2,-0.1,0,-0.1,-0.189,-11.8,-4.9,-16.6,-0.1,0,7,0,0,2,0,0,5,0,0,4,4,1,0,1,1,1,0,0,0,1,4
Gary Payton,24,6,0,99,4.5,0.413,0.409,0.227,0,14,7.1,18.1,1.5,3.6,29.2,15.8,-0.3,0.1,-0.2,-0.074,-7.3,0.6,-6.7,-0.1,8,22,0.364,1,9,0.111,7,13,0.54,0.39,3,5,0.6,0,12,12,13,3,4,10,9,20
George Hill,30,49,49,1544,19.3,0.599,0.384,0.323,1.8,10.5,6.2,22.6,1.7,0.6,10.9,23.5,4,1.9,5.9,0.182,3.8,-0.3,3.6,2.2,289,606,0.477,94,233,0.403,195,373,0.52,0.55,157,196,0.801,23,144,167,203,50,11,85,114,829
Georges Niang,23,23,0,93,0.1,0.285,0.333,0.056,2.4,17.9,10.3,7.5,1.6,0,11.9,20.2,-0.4,0.1,-0.3,-0.168,-9.9,-2.2,-12.1,-0.2,9,36,0.25,1,12,0.083,8,24,0.33,0.26,2,2,1,2,15,17,5,3,0,5,6,21
Georgios Papagiannis,19,22,0,355,12.7,0.573,0.02,0.137,7.9,19.9,14,9,0.4,4.4,18.2,16.9,0.1,0.3,0.4,0.058,-3.5,0.8,-2.7,-0.1,56,102,0.549,0,2,0,56,100,0.56,0.55,12,14,0.857,24,62,86,20,3,17,24,44,124
Gerald Green,31,47,0,538,12,0.524,0.478,0.177,3.6,13.9,8.8,9.8,0.8,1.1,9.1,22.7,0.1,0.4,0.6,0.051,-1.9,-2.7,-4.7,-0.4,95,232,0.409,39,111,0.351,56,121,0.46,0.49,33,41,0.805,17,68,85,33,9,7,25,48,262
Gerald Henderson,29,72,41,1667,10.8,0.529,0.313,0.298,2.2,10,6.1,10.5,1.2,0.7,9,17.9,1,1,2.1,0.059,-1.8,-1.2,-3.1,-0.5,234,553,0.423,61,173,0.353,173,380,0.46,0.48,133,165,0.806,34,151,185,112,41,15,62,129,662
Giannis Antetokounmpo,22,80,80,2845,26.1,0.599,0.143,0.486,5.9,22.6,14.3,26.6,2.3,4.7,13.3,28.3,7.9,4.5,12.4,0.21,4.1,3.5,7.6,6.9,656,1259,0.521,49,180,0.272,607,1079,0.56,0.54,471,612,0.77,142,558,700,434,131,151,234,246,1832
Glenn Robinson,23,69,27,1426,11.5,0.564,0.37,0.225,4.5,14.6,9.6,4.7,1.4,1.2,9.1,12.8,1.3,1.2,2.5,0.085,-1.2,-0.2,-1.4,0.2,158,338,0.467,49,125,0.392,109,213,0.51,0.54,54,76,0.711,57,188,245,47,41,20,37,63,419
Goran Dragic,30,73,73,2459,19.7,0.575,0.257,0.335,2.7,9.9,6.3,29,1.8,0.4,14.1,27.1,5,2.6,7.5,0.147,3.4,-0.7,2.7,2.9,534,1124,0.475,117,289,0.405,417,835,0.5,0.53,298,377,0.79,61,217,278,423,89,13,212,199,1483
Gordon Hayward,26,73,73,2516,22.2,0.595,0.324,0.371,2.3,15.4,9,18.2,1.5,0.6,9.4,27.6,7.1,3.3,10.4,0.199,4.2,0,4.2,4,545,1156,0.471,149,374,0.398,396,782,0.51,0.54,362,429,0.844,49,344,393,252,73,20,140,117,1601
Gorgui Dieng,27,82,82,2653,14.2,0.555,0.065,0.253,8.1,20.5,14.2,8.6,1.7,3.1,12.7,14,3.2,2.5,5.7,0.103,-0.5,2.2,1.7,2.5,332,661,0.502,16,43,0.372,316,618,0.51,0.51,136,167,0.814,188,459,647,158,88,95,107,254,816
Greg Monroe,26,81,0,1823,21.1,0.572,0.006,0.329,10.8,23.1,17,17.3,2.6,1.8,14.4,24.3,3,2.6,5.6,0.147,0.5,1.5,2,1.9,387,726,0.533,0,4,0,387,722,0.54,0.53,177,239,0.741,167,365,532,187,92,38,140,168,951
Greivis Vasquez,30,3,0,39,4.1,0.376,0.375,0.375,0,5.4,2.7,17.5,1.2,1.9,9.7,11.3,0,0,0,-0.006,-5.7,-1.8,-7.5,-0.1,2,8,0.25,1,3,0.333,1,5,0.2,0.31,2,3,0.667,0,2,2,5,1,1,1,6,7
Harrison Barnes,24,79,79,2803,16.3,0.541,0.173,0.22,3.7,13.2,8.2,7.8,1.2,0.5,6.8,25.3,2.5,2.1,4.6,0.079,-0.7,-1.2,-1.9,0.1,599,1280,0.468,78,222,0.351,521,1058,0.49,0.5,242,281,0.861,94,303,397,117,66,15,102,128,1518
Hassan Whiteside,27,77,77,2513,22.6,0.579,0,0.368,12.8,35.3,24,3.8,1.1,5,12,22.7,4.2,5.3,9.5,0.181,-2,1.5,-0.5,0.9,542,973,0.557,0,0,0,542,973,0.56,0.56,225,358,0.628,293,795,1088,57,56,161,154,226,1309
Henry Ellenson,20,19,2,146,7.5,0.444,0.547,0.125,5.8,25.6,15.3,7.2,0.3,0.6,17.2,24.7,-0.4,0.2,-0.2,-0.071,-5.8,-2.4,-8.2,-0.2,23,64,0.359,10,35,0.286,13,29,0.45,0.44,4,8,0.5,8,33,41,7,1,1,14,6,60
Hollis Thompson,25,40,9,752,7.9,0.482,0.475,0.145,2.8,13.4,8,6.8,1.3,0.6,4.9,13,0.1,0.6,0.7,0.047,-2.8,-0.5,-3.3,-0.2,77,200,0.385,32,95,0.337,45,105,0.43,0.47,19,29,0.655,19,92,111,35,20,6,11,69,205
Ian Clark,25,77,0,1137,13.1,0.575,0.376,0.134,2.3,9.1,5.9,11.2,1.7,0.6,10.7,19.5,1,1.3,2.3,0.099,-0.6,-1.4,-2,0,211,433,0.487,61,163,0.374,150,270,0.56,0.56,44,58,0.759,22,100,122,90,39,8,55,77,527
Ian Mahinmi,30,31,0,555,14.1,0.601,0,0.676,9.6,20.8,15.2,4.7,2.9,3.6,19.1,14,0.5,0.9,1.4,0.123,-2.1,2.9,0.8,0.4,65,111,0.586,0,0,0,65,111,0.59,0.59,43,75,0.573,47,103,150,19,33,24,34,90,173
Iman Shumpert,26,76,31,1937,9,0.536,0.534,0.184,2.3,9.9,6.2,7.8,1.6,1.1,12.9,13.9,0.7,1.4,2,0.05,-1.3,0,-1.3,0.3,201,489,0.411,94,261,0.36,107,228,0.47,0.51,71,90,0.789,39,180,219,109,62,27,78,150,567
Isaiah Canaan,25,39,0,592,8.1,0.483,0.543,0.191,1.1,7.9,4.5,9,1.9,0.1,9.6,15.3,0,0.5,0.5,0.044,-2.2,-1.2,-3.4,-0.2,63,173,0.364,25,94,0.266,38,79,0.48,0.44,30,33,0.909,6,43,49,37,22,1,20,35,181
Isaiah Taylor,22,4,0,52,0.3,0.19,0.286,0.286,2.1,4.2,3.1,7.1,0.9,1.6,0,6.4,-0.1,0,0,-0.028,-6.4,-0.1,-6.6,-0.1,1,7,0.143,0,2,0,1,5,0.2,0.14,1,2,0.5,1,2,3,3,1,1,0,6,3
Isaiah Thomas,27,76,76,2569,26.5,0.625,0.439,0.441,1.9,7,4.4,32.6,1.4,0.4,10.7,34,10.9,1.6,12.6,0.235,8.8,-3.3,5.5,4.8,682,1473,0.463,245,646,0.379,437,827,0.53,0.55,590,649,0.909,43,162,205,449,70,13,210,167,2199
Isaiah Whitehead,21,73,26,1643,7.5,0.487,0.293,0.222,2.1,9.7,5.9,17.7,1.2,1.7,20.3,18.2,-1.7,0.9,-0.8,-0.023,-4.3,-0.6,-4.9,-1.2,204,508,0.402,44,149,0.295,160,359,0.45,0.45,91,113,0.805,32,152,184,192,42,36,142,175,543
Ish Smith,28,81,32,1955,14.7,0.477,0.14,0.136,1.1,12.4,6.6,32.5,1.6,1.4,12.4,20.5,0.9,2.2,3.1,0.076,-1.2,0.4,-0.8,0.6,329,749,0.439,28,105,0.267,301,644,0.47,0.46,72,102,0.706,21,214,235,418,61,33,112,127,758
Ivica Zubac,19,38,11,609,17,0.547,0.013,0.206,7.1,21.9,14.3,8.1,1.1,4.4,10.4,20.3,0.6,0.5,1.1,0.086,-2.7,0.3,-2.5,-0.1,126,238,0.529,0,3,0,126,235,0.54,0.53,32,49,0.653,41,118,159,30,14,33,30,66,284
J.J. Barea,32,35,6,771,17.2,0.521,0.431,0.149,1.3,11.9,6.3,44.2,0.9,0.1,14.7,26.2,0.8,0.5,1.3,0.08,2,-2.6,-0.6,0.3,142,343,0.414,53,148,0.358,89,195,0.46,0.49,44,51,0.863,9,75,84,193,14,1,63,30,381
J.J. Redick,32,78,78,2198,14.8,0.599,0.526,0.227,0.6,7.9,4.3,7.8,1.3,0.5,9.1,21.9,3.3,1.5,4.8,0.105,2,-2,0,1.1,396,890,0.445,201,468,0.429,195,422,0.46,0.56,180,202,0.891,11,160,171,110,55,13,98,125,1173
J.R. Smith,31,41,35,1187,8.1,0.484,0.761,0.042,1.6,8.6,5.2,7.3,1.7,0.7,6.7,14.6,0.1,0.8,0.8,0.034,-0.5,-0.7,-1.3,0.2,123,356,0.346,95,271,0.351,28,85,0.33,0.48,10,15,0.667,17,96,113,62,40,11,26,77,351
Jabari Parker,21,51,50,1728,19.1,0.563,0.219,0.268,5.4,15.7,10.6,14.3,1.5,1.1,9.2,26.5,2.6,1.5,4.1,0.113,1.5,-1.3,0.3,1,399,814,0.49,65,178,0.365,334,636,0.53,0.53,162,218,0.743,79,235,314,142,51,22,92,111,1025
Jae Crowder,26,72,72,2335,14.9,0.613,0.547,0.301,2.3,17.3,9.9,10.1,1.5,0.8,8.8,17,4.2,2.5,6.7,0.137,1.4,0.1,1.5,2.1,333,720,0.463,157,394,0.398,176,326,0.54,0.57,176,217,0.811,48,367,415,155,72,23,79,161,999
Jahlil Okafor,21,50,33,1134,14.8,0.546,0,0.335,7.9,15.5,11.7,9,0.9,3.4,14.4,24.1,0.1,1.1,1.2,0.05,-3.4,0.1,-3.3,-0.4,242,471,0.514,0,0,0,242,471,0.51,0.51,106,158,0.671,81,159,240,58,20,49,91,122,590
Jake Layman,22,35,1,249,4.9,0.404,0.573,0.191,2.7,8,5.3,6.2,1.8,1,10.2,19,-0.4,0.1,-0.3,-0.054,-4.7,-2.7,-7.4,-0.3,26,89,0.292,13,51,0.255,13,38,0.34,0.37,13,17,0.765,6,18,24,11,9,3,11,22,78
Jakob Poeltl,21,54,4,626,12.2,0.589,0,0.496,14.1,15.7,14.9,2.7,1.4,2.8,17.2,12.1,0.9,0.7,1.6,0.125,-1.2,0.5,-0.7,0.2,67,115,0.583,0,0,0,67,115,0.58,0.58,31,57,0.544,78,87,165,12,17,20,29,113,165
Jamal Crawford,36,82,1,2157,12,0.526,0.371,0.234,0.9,5.7,3.3,15.1,1.4,0.5,12.3,22.7,0.5,1.4,1.9,0.042,-1,-2.1,-3,-0.6,359,869,0.413,116,322,0.36,243,547,0.44,0.48,174,203,0.857,17,112,129,213,59,14,134,115,1008
Jamal Murray,19,82,10,1764,11.9,0.518,0.471,0.164,2.6,10.7,6.7,14,1.4,1.1,12.6,21.6,0.6,0.7,1.4,0.037,-0.5,-2.1,-2.6,-0.3,295,730,0.404,115,344,0.334,180,386,0.47,0.48,106,120,0.883,41,173,214,170,52,24,113,124,811
Jameer Nelson,34,75,39,2045,11.4,0.544,0.452,0.104,1.5,8.8,5.2,26,1.3,0.3,17,15.8,2.3,0.5,2.8,0.065,0.3,-2.3,-2,0,268,604,0.444,106,273,0.388,162,331,0.49,0.53,45,63,0.714,28,164,192,385,53,8,129,197,687
James Ennis,26,64,28,1501,10.6,0.581,0.427,0.343,5.1,14.9,9.9,6.5,1.6,1.2,13.8,13,1.4,1.7,3.2,0.101,-1,1,0,0.8,146,321,0.455,51,137,0.372,95,184,0.52,0.53,86,110,0.782,69,190,259,64,46,19,59,165,429
James Harden,27,81,81,2947,27.3,0.613,0.493,0.575,3.5,20.9,12.2,50.7,2,1,19.5,34.2,11.5,3.6,15,0.245,8.7,1.5,10.1,9,674,1533,0.44,262,756,0.347,412,777,0.53,0.53,746,881,0.847,95,564,659,906,120,37,464,215,2356
James Johnson,29,76,5,2085,17,0.564,0.333,0.28,3.5,16.6,9.9,20.9,1.8,3.2,16.5,22,1.9,3.2,5.1,0.117,0.5,2.2,2.7,2.5,368,769,0.479,87,256,0.34,281,513,0.55,0.54,152,215,0.707,66,309,375,276,76,86,171,197,975
James Jones,36,48,2,381,11.3,0.655,0.717,0.217,0.9,9.8,5.5,5.2,0.9,2.1,9,13,0.6,0.2,0.8,0.104,0,-1.5,-1.5,0,44,92,0.478,31,66,0.47,13,26,0.5,0.65,13,20,0.65,3,35,38,14,7,10,10,37,132
James Michael,24,52,2,457,13,0.543,0.068,0.359,8.7,12.6,10.8,4.9,1.9,5,12.3,14.6,0.3,0.8,1.1,0.115,-2.8,2.3,-0.5,0.2,62,117,0.53,2,8,0.25,60,109,0.55,0.54,21,42,0.5,34,56,90,17,18,29,19,47,147
James Young,21,29,0,220,10,0.549,0.603,0.155,3.1,10,6.6,2.6,2.3,0.7,6.1,13.3,0.1,0.2,0.3,0.076,-2,-1.1,-3.1,-0.1,25,58,0.431,12,35,0.343,13,23,0.57,0.53,6,9,0.667,6,20,26,4,10,2,4,15,68
JaMychal Green,26,77,75,2101,13.5,0.601,0.29,0.334,8.8,21.1,14.8,6.3,1.1,1.5,14.1,14.4,3.1,2.6,5.8,0.131,-0.4,1,0.6,1.4,250,500,0.5,55,145,0.379,195,355,0.55,0.56,134,167,0.802,167,377,544,84,46,34,94,248,689
Jared Dudley,31,64,7,1362,10.6,0.579,0.587,0.188,2.4,15.9,9,12.5,1.5,0.9,16.1,13.7,1.1,0.7,1.8,0.065,-0.1,-0.1,-0.2,0.6,157,346,0.454,77,203,0.379,80,143,0.56,0.57,43,65,0.662,31,194,225,121,42,16,72,154,434
Jared Sullinger,24,11,1,118,5.6,0.359,0.375,0.167,9.6,16.3,12.9,3.7,1.7,0.7,7.2,21,-0.2,0.1,-0.1,-0.04,-5.2,-2.6,-7.8,-0.2,15,48,0.313,3,18,0.167,12,30,0.4,0.34,4,8,0.5,10,17,27,3,4,1,4,17,37
Jarell Eddie,25,5,0,62,9.7,0.523,0.842,0.474,1.7,10.8,6.1,0,0.8,0,4.2,16.2,0.1,0,0.1,0.054,-1.5,-5.9,-7.3,-0.1,6,19,0.316,4,16,0.25,2,3,0.67,0.42,8,9,0.889,1,6,7,0,1,0,1,1,24
Jarell Martin,22,42,3,558,8.7,0.477,0.166,0.331,8.4,25.3,16.6,2.2,1.6,1.5,13.9,16.4,-0.2,0.8,0.6,0.054,-5.8,-0.6,-6.4,-0.6,58,151,0.384,9,25,0.36,49,126,0.39,0.41,40,50,0.8,42,120,162,8,17,9,28,91,165
Jarnell Stokes,23,2,0,7,31.5,0.798,0,2,15.9,15.6,15.8,40.1,7,0,0,11.4,0.1,0,0.1,0.48,11.8,3.6,15.4,0,1,1,1,0,0,0,1,1,1,1,1,2,0.5,1,1,2,2,1,0,0,3,3
Jarrett Jack,33,2,0,33,7.7,0.773,0.333,0.667,0,0,0,20.3,3,0,43.6,9.2,0,0,0,0.06,-5.3,-4.1,-9.3,-0.1,2,3,0.667,0,1,0,2,2,1,0.67,2,2,1,0,0,0,5,2,0,3,4,6
Jarrod Uthoff,23,9,0,115,13.9,0.487,0.237,0.184,7.7,14.8,11.1,12.8,0.9,3.1,6.8,18.1,0.1,0.1,0.2,0.083,-2.1,0.7,-1.4,0,16,38,0.421,3,9,0.333,13,29,0.45,0.46,5,7,0.714,8,14,22,9,2,4,3,8,40
Jason Smith,30,74,3,1068,13.6,0.598,0.237,0.155,6.8,20.4,13.6,5,1,4.3,14.2,16.7,1,1.3,2.3,0.103,-2,0.6,-1.3,0.2,174,329,0.529,37,78,0.474,137,251,0.55,0.59,35,51,0.686,64,194,258,37,21,55,58,168,420
Jason Terry,39,74,0,1365,9,0.6,0.704,0.119,1.3,7.7,4.5,9.9,1.7,1.3,12.3,9.8,1.2,0.9,2.1,0.075,-0.5,-0.6,-1.1,0.3,105,243,0.432,73,171,0.427,32,72,0.44,0.58,24,29,0.828,15,91,106,98,45,20,36,95,307
JaVale McGee,29,77,10,739,25.2,0.642,0.013,0.348,15.8,20.1,18.1,3.8,1.2,7.1,9.8,23.8,2,1.5,3.5,0.225,0.2,0.6,0.8,0.5,208,319,0.652,0,4,0,208,315,0.66,0.65,56,111,0.505,100,144,244,17,19,67,40,109,472
Jaylen Brown,20,78,20,1341,10.3,0.539,0.319,0.293,3.8,14.4,9.1,7.2,1.3,1.1,12.5,18.1,0.2,1.3,1.5,0.053,-3.1,-0.9,-4,-0.7,192,423,0.454,46,135,0.341,146,288,0.51,0.51,85,124,0.685,45,175,220,64,35,18,68,142,515
Jeff Green,30,69,11,1534,10.5,0.505,0.346,0.301,2.7,12.8,7.6,8.1,1.2,0.7,10.6,20.3,-0.2,0.9,0.7,0.022,-2.8,-1.8,-4.6,-1,220,558,0.394,53,193,0.275,167,365,0.46,0.44,145,168,0.863,39,175,214,81,37,13,75,103,638
Jeff Teague,28,82,82,2657,19.2,0.574,0.277,0.457,1.4,12.4,7,36.4,1.9,1.1,16.5,22.1,5.7,2.4,8.1,0.146,2.4,-0.6,1.9,2.6,402,909,0.442,90,252,0.357,312,657,0.48,0.49,360,415,0.867,33,298,331,639,100,32,216,165,1254
Jeff Withey,26,51,1,432,18.8,0.588,0.01,0.466,14.3,17.9,16.2,2.5,1.9,6,10.1,14.9,1,0.9,1.8,0.205,-1.2,2.7,1.5,0.4,55,103,0.534,0,1,0,55,102,0.54,0.53,36,48,0.75,52,69,121,7,16,32,14,52,146
Jerami Grant,22,80,4,1531,10.1,0.556,0.354,0.448,2.7,12.2,7.4,4.2,1.1,4.1,10.1,12.1,1.1,1.8,2.9,0.091,-3,0.9,-2.1,0,152,328,0.463,43,116,0.371,109,212,0.51,0.53,90,147,0.612,38,168,206,46,33,79,44,149,437
Jeremy Lamb,24,62,5,1143,17,0.55,0.297,0.263,2.9,22.7,12.7,11.3,1.2,1.8,6.8,23.2,1.4,1.3,2.7,0.115,-0.8,-0.8,-1.7,0.1,226,491,0.46,41,146,0.281,185,345,0.54,0.5,110,129,0.853,30,234,264,75,27,23,40,98,603
Jeremy Lin,28,36,33,883,19.2,0.566,0.39,0.353,1.3,14.7,8.1,35.5,2.2,1.2,15.7,26.6,1.3,0.8,2.1,0.115,2.5,-0.5,2,0.9,175,400,0.438,58,156,0.372,117,244,0.48,0.51,115,141,0.816,11,124,135,184,41,14,86,79,523
Jerian Grant,24,63,28,1028,13.1,0.555,0.445,0.243,1.8,9.9,5.8,17.3,2.3,0.6,11.7,16,1.3,1.2,2.5,0.118,0,-0.3,-0.3,0.4,128,301,0.425,49,134,0.366,79,167,0.47,0.51,65,73,0.89,17,94,111,120,47,8,44,93,370
Jerryd Bayless,28,3,1,71,8.7,0.453,0.156,0.313,4.6,14,9.3,29.4,0,0,19.8,27.7,-0.1,0,-0.1,-0.067,-5.2,-2.9,-8.2,-0.1,11,32,0.344,2,5,0.4,9,27,0.33,0.38,9,10,0.9,3,9,12,13,0,0,9,4,33
Jimmy Butler,27,76,75,2809,25.1,0.586,0.198,0.54,4.9,13.2,9,24.8,2.6,0.9,9.3,26.5,10.1,3.8,13.8,0.236,5.8,1.1,6.9,6.3,570,1252,0.455,91,248,0.367,479,1004,0.48,0.49,585,676,0.865,129,341,470,417,143,32,159,112,1816
Joakim Noah,31,46,46,1015,15.2,0.493,0.005,0.388,17,25.7,21.3,14.1,1.5,3,19.8,12.5,1.1,1.2,2.3,0.107,-0.7,2.8,2.1,1.1,99,201,0.493,0,1,0,99,200,0.5,0.49,34,78,0.436,161,241,402,103,30,37,58,127,232
Jodie Meeks,29,36,10,738,13.1,0.567,0.535,0.289,0.7,10.9,5.7,9.3,2.3,0.4,11.1,19.4,0.5,0.6,1.1,0.073,-0.4,-1.4,-1.8,0,103,256,0.402,56,137,0.409,47,119,0.4,0.51,65,74,0.878,5,72,77,45,34,4,36,41,327
Joe Harris,25,52,11,1138,9,0.558,0.61,0.135,1.5,12,6.8,7.3,1.2,0.5,12.5,16.5,0.1,0.6,0.8,0.032,-1.4,-1.5,-3,-0.3,154,362,0.425,85,221,0.385,69,141,0.49,0.54,35,49,0.714,16,131,147,54,30,8,55,121,428
Joe Ingles,29,82,26,1972,12.4,0.604,0.619,0.151,1.4,13.5,7.6,17.1,2.6,0.3,18.2,13.9,2,3,5,0.122,0.9,1.8,2.7,2.3,204,451,0.452,123,279,0.441,81,172,0.47,0.59,50,68,0.735,23,237,260,224,96,8,107,163,581
Joe Johnson,35,78,14,1843,12.8,0.542,0.412,0.123,2.1,12.7,7.6,12.6,1,0.8,9.5,18.5,1.7,2.1,3.8,0.099,-0.1,-0.1,-0.2,0.8,273,626,0.436,106,258,0.411,167,368,0.45,0.52,63,77,0.818,33,209,242,144,36,18,69,93,715
Joe Young,24,33,0,135,11.4,0.433,0.319,0.208,0.8,13.1,7.1,18,1.5,0,6,27.8,-0.2,0.1,-0.1,-0.022,-3.5,-3.8,-7.3,-0.2,26,72,0.361,5,23,0.217,21,49,0.43,0.4,11,15,0.733,1,16,17,15,4,0,5,5,68
Joel Anthony,34,19,0,122,11.6,0.64,0,0.5,7.6,20.9,14.4,3.4,0.8,4,17,8.7,0.1,0.2,0.4,0.141,-3.1,2.5,-0.6,0,10,16,0.625,0,0,0,10,16,0.63,0.63,5,8,0.625,8,23,31,3,2,6,4,11,25
Joel Bolomboy,23,12,0,53,19.7,0.59,0.25,0.375,9,27.6,18.5,6.3,1,3.1,9.7,18.2,0.1,0.1,0.2,0.171,-1.3,0.5,-0.8,0,9,16,0.563,1,4,0.25,8,12,0.67,0.59,3,6,0.5,4,13,17,2,1,2,2,1,22
Joel Embiid,22,31,31,786,24.1,0.584,0.228,0.569,8.5,25.6,17,16,1.7,7.7,17.9,36,0.5,1.5,1.9,0.117,0,3.2,3.2,1,200,429,0.466,36,98,0.367,164,331,0.5,0.51,191,244,0.783,61,182,243,66,27,76,117,112,627
Joffrey Lauvergne,25,70,1,980,12.6,0.509,0.292,0.217,8,20.1,14.1,10.8,1.3,0.5,13.2,18.5,0.4,1.1,1.5,0.075,-2.3,-0.9,-3.2,-0.3,148,336,0.44,33,98,0.337,115,238,0.48,0.49,46,73,0.63,72,179,251,70,25,6,56,83,375
John Henson,26,58,39,1123,15.3,0.55,0.003,0.346,9.6,20.8,15.3,7.7,1.3,6.1,13,16.6,1.1,1.6,2.7,0.115,-2.6,2.5,-0.1,0.5,159,309,0.515,0,1,0,159,308,0.52,0.52,74,107,0.692,92,203,295,57,29,78,53,151,392
John Jenkins,25,4,0,13,17.3,0.595,0.4,0.4,0,8.6,4.2,11.5,0,0,0,18.9,0,0,0,0.167,1.4,-5.5,-4.1,0,2,5,0.4,1,2,0.5,1,3,0.33,0.5,2,2,1,0,1,1,1,0,0,0,0,7
John Lucas,34,5,0,11,9.1,0.25,0.25,0,0,0,0,12.5,9.2,0,0,16.1,0,0,0,-0.033,-6,0.4,-5.6,0,1,4,0.25,0,1,0,1,3,0.33,0.25,0,0,0,0,0,0,1,2,0,0,0,2
John Wall,26,78,78,2836,23.2,0.541,0.19,0.367,2.3,10.6,6.5,46.9,2.7,1.4,16.2,30.6,5.7,3,8.8,0.148,3.8,0.2,4,4.3,647,1435,0.451,89,272,0.327,558,1163,0.48,0.48,422,527,0.801,58,268,326,831,157,49,323,151,1805
Johnny O'Bryant,23,11,0,80,14.9,0.582,0.2,0.2,12.4,13.7,13.1,12.7,0,1,15.5,21.1,0.1,0,0.1,0.088,-0.2,-3.1,-3.3,0,15,30,0.5,3,6,0.5,12,24,0.5,0.55,5,6,0.833,9,10,19,6,0,1,6,10,38
Jon Leuer,27,75,34,1944,14.2,0.551,0.259,0.175,5.5,17.5,11.3,8.6,0.8,1.1,8.7,17.3,2.5,2,4.5,0.112,-0.4,0.5,0.2,1.1,310,646,0.48,49,167,0.293,261,479,0.55,0.52,98,113,0.867,102,300,402,111,31,26,66,145,767
Jonas Jerebko,29,78,6,1232,9.3,0.537,0.496,0.141,5.5,19.1,12.3,8.1,1,1.1,12.3,11.4,0.8,1.3,2.1,0.081,-2.4,0.3,-2.1,0,114,262,0.435,45,130,0.346,69,132,0.52,0.52,26,37,0.703,60,213,273,71,26,17,39,122,299
Jonas Valanciunas,24,80,80,2066,20.1,0.601,0.003,0.309,12.4,29.1,20.8,4.4,0.9,2.6,11.7,19.5,4.9,3,7.9,0.183,-0.5,-0.1,-0.6,0.7,391,702,0.557,1,2,0.5,390,700,0.56,0.56,176,217,0.811,226,533,759,57,37,63,106,216,959
Jonathan Gibson,29,17,0,231,9.5,0.492,0.474,0.305,0.5,11.1,5.5,18.8,1.8,0,16.3,26.3,-0.3,0.2,-0.1,-0.03,-3.3,-2.2,-5.5,-0.2,35,95,0.368,15,45,0.333,20,50,0.4,0.45,21,29,0.724,1,21,22,26,8,0,21,21,106
Jonathon Simmons,27,78,8,1392,9.9,0.504,0.242,0.314,1.7,11.1,6.5,13.2,1.7,1.5,13.7,18,-0.1,2.1,2,0.068,-2.8,0.9,-1.9,0,177,421,0.42,30,102,0.294,147,319,0.46,0.46,99,132,0.75,20,140,160,126,47,25,76,146,483
Jordan Clarkson,24,82,19,2397,13.1,0.526,0.332,0.157,2.2,9.3,5.6,14.4,1.8,0.3,12.5,23.3,0.5,0.7,1.2,0.024,-0.5,-2.3,-2.7,-0.4,477,1071,0.445,117,356,0.329,360,715,0.5,0.5,134,168,0.798,49,197,246,213,88,8,164,150,1205
Jordan Crawford,28,19,0,442,17.6,0.582,0.436,0.119,0.9,7.2,4.1,22.7,1.2,0.4,9.8,25.5,0.6,0.3,0.9,0.102,2.6,-3,-0.4,0.2,105,218,0.482,37,95,0.389,68,123,0.55,0.57,20,26,0.769,4,30,34,57,11,2,25,30,267
Jordan Farmar,30,2,0,35,14.4,0.5,0.75,0,3.3,6.5,4.9,38.6,2.9,0,20,19.4,0,0,0,0.064,0.7,-3.8,-3.1,0,4,12,0.333,4,9,0.444,0,3,0,0.5,0,0,0,1,2,3,9,2,0,3,1,12
Jordan Hill,29,7,0,47,5.5,0.432,0,0.154,19.6,15.1,17.4,0,1.1,0,22.4,16.8,-0.1,0,0,-0.033,-6.7,-6.2,-12.9,-0.1,5,13,0.385,0,0,0,5,13,0.39,0.39,2,2,1,8,6,14,0,1,0,4,9,12
Jordan McRae,25,37,4,384,9.7,0.488,0.34,0.227,1.8,9.5,5.7,7.4,1,1.3,7.8,20.8,-0.1,0.2,0.2,0.02,-3.7,-2.8,-6.5,-0.4,58,150,0.387,18,51,0.353,40,99,0.4,0.45,27,34,0.794,6,34,40,19,8,6,14,31,161
Jordan Mickey,22,25,1,141,9.8,0.473,0.029,0.412,10.4,16.4,13.4,7.1,1.1,3.5,18.3,15.5,-0.1,0.2,0.1,0.036,-5.7,0.9,-4.8,-0.1,15,34,0.441,0,1,0,15,33,0.46,0.44,8,14,0.571,13,21,34,7,3,6,9,12,38
Jose Calderon,35,41,13,539,8.9,0.506,0.478,0.09,3,12.2,7.5,23.3,1,0.2,22.7,14.4,0,0.3,0.3,0.023,-2.9,-1.8,-4.7,-0.4,55,134,0.41,20,64,0.313,35,70,0.5,0.49,11,12,0.917,15,59,74,88,11,1,41,36,141
Josh Huestis,25,2,0,31,26.1,0.612,0.364,0.091,14.3,17.9,16.1,15.5,0,7.7,0,15.7,0.1,0,0.2,0.265,3.9,1.8,5.7,0.1,6,11,0.545,2,4,0.5,4,7,0.57,0.64,0,1,0,4,5,9,3,0,3,0,0,14
Josh McRoberts,29,22,14,381,9.8,0.439,0.263,0.076,6.6,15,10.7,18.9,1.3,0.8,15.9,16.9,-0.1,0.4,0.3,0.036,-2.9,0.5,-2.4,0,44,118,0.373,13,31,0.419,31,87,0.36,0.43,6,9,0.667,23,51,74,50,10,4,23,31,107
Josh Richardson,23,53,34,1614,10.7,0.493,0.442,0.15,2.4,9.2,5.8,12.7,1.9,1.9,10.6,16.8,0.3,1.9,2.2,0.066,-1,1.1,0.2,0.9,202,513,0.394,75,227,0.33,127,286,0.44,0.47,60,77,0.779,35,133,168,140,60,39,65,132,539
Jrue Holiday,26,67,61,2190,17.1,0.532,0.314,0.188,2.2,10.6,6.4,35.9,2.2,1.6,16.7,23.5,1.2,2.6,3.8,0.084,1.2,0.5,1.7,2,405,894,0.453,100,281,0.356,305,613,0.5,0.51,119,168,0.708,46,218,264,488,100,43,194,133,1029
Juan Hernangomez,21,62,9,842,13.3,0.592,0.504,0.339,5.7,18.7,12.3,4.7,1.7,1.1,10.7,14.6,1.2,0.6,1.8,0.103,-0.1,-1.2,-1.3,0.1,101,224,0.451,46,113,0.407,55,111,0.5,0.55,57,76,0.75,43,144,187,29,29,12,31,62,305
Julius Randle,22,74,73,2132,16.3,0.543,0.082,0.365,7.5,25.8,16.3,19.3,1.1,1.4,16.2,21.4,2,1.5,3.5,0.08,-0.7,0.7,0,1.1,377,773,0.488,17,63,0.27,360,710,0.51,0.5,204,282,0.723,151,485,636,264,49,37,173,248,975
Justin Anderson,23,75,10,1228,13.9,0.537,0.442,0.294,6.2,16.9,11.3,8.8,1.7,1.6,11.7,20.9,0.6,1.3,1.9,0.074,-1.2,-0.3,-1.6,0.1,186,439,0.424,58,194,0.299,128,245,0.52,0.49,102,129,0.791,69,176,245,66,41,23,66,109,532
Justin Hamilton,26,64,7,1177,13.6,0.55,0.478,0.137,6.5,17,11.8,7.3,1.2,2.8,9.7,16.2,1,1,2.1,0.084,-0.9,0.2,-0.8,0.4,174,379,0.459,55,181,0.304,119,198,0.6,0.53,39,52,0.75,71,191,262,55,29,43,43,91,442
Justin Harper,27,3,0,31,4.9,0.5,0.583,0,7.1,10.7,8.9,10.5,0,0,25,22.4,-0.1,0,-0.1,-0.103,-5.1,-3.8,-8.8,-0.1,5,12,0.417,2,7,0.286,3,5,0.6,0.5,0,0,0,2,3,5,2,0,0,4,2,12
Justin Holiday,27,82,4,1639,12.7,0.549,0.507,0.149,1.8,13.1,7.4,9.2,2,1.5,10.3,16.9,1.3,1.2,2.5,0.073,-0.3,-0.8,-1.1,0.4,233,538,0.433,97,273,0.355,136,265,0.51,0.52,66,80,0.825,27,198,225,102,65,31,66,109,629
Justise Winslow,20,18,15,625,8.2,0.399,0.156,0.209,4,12.7,8.3,15.5,2.2,0.8,11.8,19.8,-0.9,0.8,-0.1,-0.008,-4,1.3,-2.7,-0.1,80,225,0.356,7,35,0.2,73,190,0.38,0.37,29,47,0.617,23,71,94,66,27,6,33,52,196
Jusuf Nurkic,22,65,48,1391,17.5,0.528,0.002,0.393,12.3,24.8,18.6,13.9,1.8,4.2,18.6,23.9,0.2,1.8,2,0.068,-2.3,2.2,-0.2,0.6,271,534,0.507,0,1,0,271,533,0.51,0.51,120,210,0.571,154,313,467,123,50,74,143,161,662
K.J. McDaniels,23,49,0,505,11.5,0.555,0.391,0.225,3.2,14.1,8.7,4,1.8,2.8,13.5,18.1,0,0.5,0.5,0.051,-3.5,-0.6,-4.1,-0.3,77,169,0.456,20,66,0.303,57,103,0.55,0.52,32,38,0.842,15,67,82,13,19,18,29,49,206
Karl-Anthony Towns,21,82,82,3030,26,0.618,0.186,0.289,11.2,27.8,19.4,13.2,1,2.9,11.3,27.5,9.9,2.8,12.7,0.201,4.8,0.3,5,5.4,802,1479,0.542,101,275,0.367,701,1204,0.58,0.58,356,428,0.832,296,711,1007,220,57,103,212,241,2061
Kawhi Leonard,25,74,74,2474,27.5,0.611,0.294,0.407,3.7,15.7,9.8,18.9,2.7,1.8,9.1,31.1,8.9,4.7,13.6,0.264,6.4,1.5,7.9,6.2,636,1311,0.485,147,386,0.381,489,925,0.53,0.54,469,533,0.88,80,350,430,260,132,55,154,122,1888
Kay Felder,21,42,0,386,11.2,0.462,0.139,0.31,0.9,10.5,5.9,22.7,2.3,1.5,14.7,24.3,-0.3,0.4,0,0.004,-4.9,-1.2,-6.1,-0.4,62,158,0.392,7,22,0.318,55,136,0.4,0.42,35,49,0.714,3,38,41,58,18,7,31,38,166
Kelly Olynyk,25,75,6,1538,15.2,0.603,0.378,0.242,5.3,20.7,13,15.2,1.4,1.5,14.6,19,2.2,1.9,4.1,0.127,0.1,0.5,0.7,1,260,508,0.512,68,192,0.354,192,316,0.61,0.58,90,123,0.732,72,288,360,148,43,29,96,207,678
Kelly Oubre,21,79,5,1605,9.1,0.516,0.425,0.224,4.3,13.9,9.1,4,1.8,0.9,9.2,14.5,0.6,1.4,2.1,0.062,-1.8,-0.5,-2.3,-0.1,186,442,0.421,54,188,0.287,132,254,0.52,0.48,75,99,0.758,61,199,260,47,58,17,49,195,501
Kemba Walker,26,79,79,2739,21.3,0.569,0.415,0.248,1.8,10.6,6.2,29.1,1.6,0.7,9.5,29.2,5.9,2.2,8.1,0.142,5.3,-1.7,3.6,3.9,643,1449,0.444,240,602,0.399,403,847,0.48,0.53,304,359,0.847,45,263,308,435,85,22,168,119,1830
Kenneth Faried,27,61,34,1296,20.3,0.588,0.014,0.454,15.7,23.6,19.7,6.3,1.6,2.4,10.4,18.3,3.4,1.2,4.6,0.169,0.9,-0.1,0.8,0.9,228,416,0.548,0,6,0,228,410,0.56,0.55,131,189,0.693,182,279,461,55,43,40,58,124,587
Kent Bazemore,27,73,64,1963,11.5,0.504,0.369,0.233,2.6,10.3,6.5,14.2,2.3,2.3,13.6,20.5,-0.6,2.8,2.1,0.053,-2,1.2,-0.8,0.6,295,721,0.409,92,266,0.346,203,455,0.45,0.47,119,168,0.708,45,186,231,177,91,52,125,165,801
Kentavious Caldwell-Pope,23,76,75,2529,12.8,0.519,0.471,0.199,2.3,8.7,5.3,11.2,1.8,0.4,7.9,19.2,2,2.5,4.5,0.086,0.9,0,0.9,1.9,370,928,0.399,153,437,0.35,217,491,0.44,0.48,154,185,0.832,55,193,248,193,89,12,86,118,1047
Kevin Durant,28,62,62,2070,27.6,0.651,0.304,0.374,2.2,23.6,13.6,23.1,1.5,3.8,10.4,27.8,8,4,12,0.277,5.4,2.6,8,5.2,551,1026,0.537,117,312,0.375,434,714,0.61,0.59,336,384,0.875,39,474,513,300,66,99,138,117,1555
Kevin Love,28,60,60,1885,21.1,0.573,0.449,0.34,8.9,29.3,19.5,9.8,1.4,0.9,10.9,26.4,4,2.4,6.4,0.163,1.7,-0.9,0.8,1.3,370,867,0.427,145,389,0.373,225,478,0.47,0.51,257,295,0.871,148,518,666,116,53,22,122,125,1142
Kevin Seraphin,27,49,3,559,14.4,0.559,0.01,0.111,8.3,20,14.3,6.7,0.6,3.1,12.3,19,0.4,0.6,1,0.082,-3.1,-0.6,-3.7,-0.2,109,198,0.551,0,2,0,109,196,0.56,0.55,14,22,0.636,41,101,142,23,7,20,29,66,232
Kevon Looney,20,53,4,447,13.4,0.553,0.084,0.318,11.5,18.5,15.2,8.5,1.5,3,12.2,13.4,0.7,0.8,1.4,0.154,-1.4,1.7,0.3,0.3,56,107,0.523,2,9,0.222,54,98,0.55,0.53,21,34,0.618,44,80,124,29,14,17,17,64,135
Khris Middleton,25,29,23,889,15,0.57,0.312,0.276,1.5,14.5,8.1,17.5,2.3,0.7,14.8,22.5,0.7,0.9,1.6,0.085,0,-0.6,-0.5,0.3,150,333,0.45,45,104,0.433,105,229,0.46,0.52,81,92,0.88,11,112,123,99,41,7,65,79,426
Klay Thompson,26,78,78,2649,17.4,0.592,0.47,0.158,2.2,9.2,5.9,9.3,1.2,1.2,8,26.1,4.2,2.9,7.1,0.128,2.4,-2.1,0.3,1.5,644,1376,0.468,268,647,0.414,376,729,0.52,0.57,186,218,0.853,49,236,285,160,66,40,128,139,1742
Kosta Koufos,27,71,62,1419,13.8,0.56,0.003,0.158,9.7,22.9,16.4,5.3,1.3,3.1,12.7,15.3,1.2,1.4,2.6,0.089,-2.6,0.7,-1.9,0,216,392,0.551,0,1,0,216,391,0.55,0.55,38,62,0.613,118,285,403,47,36,48,61,172,470
Kris Dunn,22,78,7,1333,8.1,0.432,0.233,0.188,2.1,12.6,7.3,19.4,3,2.3,20.8,14.2,-1.2,1.3,0.1,0.004,-3.7,1.5,-2.2,-0.1,118,313,0.377,21,73,0.288,97,240,0.4,0.41,36,59,0.61,24,142,166,188,78,36,89,178,293
Kris Humphries,31,56,4,689,13.6,0.514,0.252,0.383,9.7,23,16.4,6.4,1.1,2.6,10.1,17.6,0.6,1.1,1.6,0.115,-3,0.3,-2.7,-0.1,87,214,0.407,19,54,0.352,68,160,0.43,0.45,64,82,0.78,60,146,206,29,15,21,28,69,257
Kristaps Porzingis,21,66,65,2164,17.4,0.546,0.319,0.256,5.5,18.2,11.8,7.3,1.1,4.9,9.7,24.3,2.4,2.1,4.5,0.1,0.2,0,0.2,1.2,443,985,0.45,112,314,0.357,331,671,0.49,0.51,198,252,0.786,111,364,475,97,47,130,118,244,1196
Kyle Anderson,23,72,14,1020,12.5,0.525,0.191,0.273,3.7,19,11.5,12.4,2.5,2.1,14.3,12.1,0.7,2,2.7,0.127,-2.1,3.7,1.6,0.9,93,209,0.445,15,40,0.375,78,169,0.46,0.48,45,57,0.789,33,175,208,91,51,26,39,63,246
Kyle Korver,35,67,22,1753,12.1,0.635,0.697,0.082,0.5,11,5.9,9.4,1,1,11.5,15.2,2.3,1.3,3.7,0.101,0.8,-1,-0.2,0.8,239,515,0.464,162,359,0.451,77,156,0.49,0.62,38,42,0.905,8,179,187,110,34,21,69,107,678
Kyle Lowry,30,60,60,2244,22.9,0.623,0.51,0.398,2.4,12.1,7.3,29.9,2,0.7,13.8,24.9,7.8,2.3,10.1,0.216,7.1,-0.4,6.7,4.9,426,918,0.464,193,468,0.412,233,450,0.52,0.57,299,365,0.819,48,240,288,417,88,19,173,170,1344
Kyle O'Quinn,26,79,8,1229,20.5,0.552,0.041,0.201,13.7,24.8,19.2,14.8,1.5,6.9,14.5,18.5,2.1,1.8,3.9,0.151,-0.1,3.7,3.5,1.7,215,413,0.521,2,17,0.118,213,396,0.54,0.52,64,83,0.771,157,282,439,117,36,104,76,174,496
Kyle Singler,28,32,2,385,5.9,0.486,0.446,0.205,2.3,11.5,6.9,3.2,0.9,1,10.8,11.2,0,0.3,0.3,0.034,-4.6,-1.3,-5.9,-0.4,34,83,0.41,7,37,0.189,27,46,0.59,0.45,13,17,0.765,8,40,48,9,7,5,11,29,88
Kyle Wiltjer,24,14,0,44,6.7,0.437,0.929,0.143,9.9,14.9,12.4,6.1,3.3,1.8,25.2,19.1,-0.1,0.1,0,-0.039,-4,0,-4,0,4,14,0.286,4,13,0.308,0,1,0,0.43,1,2,0.5,4,6,10,2,3,1,5,4,13
Kyrie Irving,24,72,72,2525,23,0.58,0.311,0.231,2.3,7.5,5,29.7,1.6,0.8,10.3,30.8,7.4,1.5,8.9,0.17,4.8,-2.3,2.5,2.9,671,1420,0.473,177,441,0.401,494,979,0.51,0.54,297,328,0.905,52,178,230,418,83,25,180,157,1816
Lamar Patterson,25,5,0,40,-1.9,0.276,0.4,0.2,2.8,16.3,9.6,21.1,1.2,0,19.7,22.2,-0.2,0,-0.1,-0.176,-9.9,-1.2,-11.2,-0.1,3,15,0.2,1,6,0.167,2,9,0.22,0.23,2,3,0.667,1,6,7,6,1,0,4,6,9
LaMarcus Aldridge,31,72,72,2335,18.6,0.532,0.053,0.258,8.6,16.6,12.7,9.9,1,3.1,7.7,24.5,3.5,3.7,7.3,0.149,-0.3,1.4,1.1,1.8,500,1049,0.477,23,56,0.411,477,993,0.48,0.49,220,271,0.812,174,350,524,139,46,89,98,158,1243
Lance Stephenson,26,18,0,361,9.6,0.485,0.167,0.108,1.2,14.8,8,24.8,0.7,0.7,17.1,18.7,-0.2,0.2,0.1,0.009,-3.9,-1.5,-5.4,-0.3,54,120,0.45,6,20,0.3,48,100,0.48,0.48,8,13,0.615,4,48,52,59,5,3,26,32,122
Lance Thomas,28,46,15,968,8.4,0.516,0.348,0.209,3.6,12.3,7.9,5,1.1,0.4,8.6,13.1,0.6,0.4,0.9,0.046,-2.1,-1.6,-3.7,-0.4,97,244,0.398,38,85,0.447,59,159,0.37,0.48,43,51,0.843,32,110,142,35,21,5,25,85,275
Langston Galloway,25,74,2,1495,10.4,0.51,0.565,0.117,1.9,9.3,5.6,9.4,1.5,0.3,7.4,18.4,0.2,1.1,1.3,0.041,-0.9,-1.7,-2.6,-0.2,207,545,0.38,120,308,0.39,87,237,0.37,0.49,51,64,0.797,27,129,156,93,46,6,46,96,585
Larry Nance,24,63,7,1442,15.8,0.567,0.1,0.222,8.8,19.6,14,9.7,2.8,2.3,12.4,13.4,2.1,1.5,3.5,0.118,-0.3,2.3,2,1.5,190,361,0.526,10,36,0.278,180,325,0.55,0.54,59,80,0.738,120,249,369,96,82,40,56,149,449
Larry Sanders,28,5,0,13,6.5,0.41,0,0.5,26.3,8.2,17,0,3.8,6.2,29.1,23.6,0,0,0,-0.029,-8.7,-0.9,-9.6,0,1,4,0.25,0,0,0,1,4,0.25,0.25,2,2,1,3,1,4,0,1,1,2,5,4
Lavoy Allen,27,61,5,871,11.6,0.485,0.006,0.196,13.7,14.6,14.2,9.1,1,2.4,13.7,10.9,0.9,0.8,1.7,0.093,-1.5,1.3,-0.3,0.4,77,168,0.458,0,1,0,77,167,0.46,0.46,23,33,0.697,105,115,220,57,18,24,29,78,177
Leandro Barbosa,34,67,0,963,11.5,0.509,0.25,0.115,1.6,10.3,5.9,13,1.5,0.7,10.4,20,0.3,0.4,0.6,0.031,-2,-2.1,-4.1,-0.5,172,392,0.439,35,98,0.357,137,294,0.47,0.48,40,45,0.889,15,89,104,81,31,8,48,82,419
LeBron James,32,74,74,2794,27,0.619,0.254,0.395,4,20.7,12.6,41.3,1.6,1.3,16.1,30,9.8,3,12.9,0.221,6.8,1.6,8.4,7.3,736,1344,0.548,124,342,0.363,612,1002,0.61,0.59,358,531,0.674,97,543,640,646,92,44,303,134,1954
Lou Williams,30,81,1,1994,21.4,0.593,0.447,0.458,1.4,9.9,5.5,19.9,1.9,0.8,11.8,29.1,5.1,1,6.1,0.147,3.7,-3,0.8,1.4,428,998,0.429,163,446,0.365,265,552,0.48,0.51,402,457,0.88,26,176,202,239,80,19,160,92,1421
Luc Mbah,30,80,76,1787,10.3,0.581,0.291,0.23,3,7.7,5.4,3.1,2.3,1.6,10.1,11.6,1.3,1.8,3.1,0.084,-0.8,1.5,0.7,1.2,191,378,0.505,43,110,0.391,148,268,0.55,0.56,59,87,0.678,47,127,174,39,81,35,47,122,484
Lucas Nogueira,24,57,6,1088,15.5,0.682,0.077,0.429,8.5,16.7,12.6,5.4,2.4,7.2,19.9,9.5,1.7,2,3.7,0.164,-0.1,5.6,5.4,2,103,156,0.66,3,12,0.25,100,144,0.69,0.67,44,67,0.657,82,161,243,42,52,90,46,137,253
Luis Scola,36,36,1,461,13.9,0.55,0.331,0.245,11.9,20,16,12.7,1.4,0.7,16.9,18.7,0.4,0.4,0.8,0.082,-0.8,-0.4,-1.2,0.1,71,151,0.47,17,50,0.34,54,101,0.54,0.53,25,37,0.676,51,88,139,37,14,4,34,63,184
Luke Babbitt,27,68,55,1065,8.4,0.563,0.747,0.053,1.3,13.5,7.4,4.8,1,0.8,8,13,0.8,1,1.8,0.082,-1,-0.8,-1.8,0.1,113,281,0.402,87,210,0.414,26,71,0.37,0.56,11,15,0.733,13,129,142,36,21,11,25,118,324
Luol Deng,31,56,49,1486,10.1,0.47,0.389,0.149,4.5,17.7,10.8,7,1.6,1.1,8.7,14.2,0.1,0.8,0.9,0.029,-2.3,-0.2,-2.5,-0.2,164,424,0.387,51,165,0.309,113,259,0.44,0.45,46,63,0.73,63,232,295,74,48,20,43,61,425
Malachi Richardson,21,22,0,198,9.6,0.517,0.412,0.279,1.8,11.5,6.7,8.7,1.3,0.5,9.5,19.3,0,0.1,0.1,0.028,-2.5,-3,-5.5,-0.2,28,68,0.412,8,28,0.286,20,40,0.5,0.47,15,19,0.789,3,20,23,11,5,1,8,23,79
Malcolm Brogdon,24,75,28,1982,14.9,0.555,0.304,0.198,2.8,9.6,6.3,24.3,2.2,0.5,14.1,18.5,2.6,1.5,4.1,0.1,0.6,-1.1,-0.5,0.8,290,635,0.457,78,193,0.404,212,442,0.48,0.52,109,126,0.865,47,166,213,317,84,12,113,140,767
Malcolm Delaney,27,73,2,1248,7.5,0.456,0.284,0.24,1,9.8,5.5,23.1,1.5,0.1,18.1,18.3,-1.1,1.3,0.1,0.005,-4.6,-1.2,-5.8,-1.2,145,388,0.374,26,110,0.236,119,278,0.43,0.41,75,93,0.806,11,113,124,193,39,1,95,112,391
Malik Beasley,20,22,1,165,13.7,0.536,0.384,0.137,3.4,8,5.7,10.2,2.1,0,9.4,22,0.1,0.1,0.2,0.057,-0.5,-3.5,-3.9,-0.1,33,73,0.452,9,28,0.321,24,45,0.53,0.51,8,10,0.8,5,12,17,11,7,0,8,10,83
Manny Harris,27,4,0,25,-2.2,0.239,0.133,0.267,13.3,29.3,20.9,12.7,0,0,10.7,35.4,-0.2,0,-0.2,-0.364,-15.1,-3.8,-18.8,-0.1,3,15,0.2,0,2,0,3,13,0.23,0.2,2,4,0.5,3,6,9,2,0,0,2,1,8
Manu Ginobili,39,69,0,1291,13.9,0.532,0.517,0.244,2.5,11.1,6.9,20.8,3.2,1,16.5,20.4,0.6,2.4,3,0.11,0.5,1.4,1.9,1.3,171,439,0.39,89,227,0.392,82,212,0.39,0.49,86,107,0.804,28,129,157,183,82,16,96,119,517
Marc Gasol,32,74,74,2531,20.2,0.554,0.231,0.286,2.6,18.7,10.4,24.8,1.4,3.7,11.3,26.4,4.2,3.5,7.7,0.145,2.1,2.2,4.2,4,532,1160,0.459,104,268,0.388,428,892,0.48,0.5,278,332,0.837,60,402,462,338,67,99,166,171,1446
Marcelo Huertas,33,23,1,237,9.1,0.417,0.279,0.25,0.9,10.5,5.5,30.8,2.1,0.7,20.1,17,-0.2,0.1,-0.1,-0.025,-4.6,-2.4,-7,-0.3,25,68,0.368,4,19,0.211,21,49,0.43,0.4,9,17,0.529,2,22,24,52,10,2,19,16,63
Marcin Gortat,32,82,82,2556,15.5,0.593,0.003,0.236,10.6,26.8,18.7,6.8,0.8,2.1,13.7,14.7,3.9,2.9,6.8,0.128,-0.9,1.2,0.4,1.5,390,674,0.579,0,2,0,390,672,0.58,0.58,103,159,0.648,238,611,849,121,40,65,118,213,883
Marco Belinelli,30,74,0,1778,13.3,0.566,0.46,0.273,0.9,10.2,5.5,13.1,1.2,0.4,9.2,19.2,2,1.2,3.2,0.088,0.1,-2,-1.9,0.1,264,615,0.429,102,283,0.36,162,332,0.49,0.51,150,168,0.893,14,164,178,147,44,9,70,90,780
Marcus Georges-Hunt,22,5,0,48,10.2,0.614,0.286,1.429,2.2,18.7,10.2,8.3,1,0,14.9,12.3,0.1,0,0.1,0.107,-3.4,-1.3,-4.7,0,2,7,0.286,1,2,0.5,1,5,0.2,0.36,9,10,0.9,1,8,9,3,1,0,2,5,14
Marcus Morris,27,79,79,2565,12.4,0.508,0.355,0.184,3.2,12.8,7.8,9.4,1,0.8,7.4,20.3,1.4,2.4,3.9,0.072,-0.3,-0.2,-0.5,1,421,1007,0.418,118,357,0.331,303,650,0.47,0.48,145,185,0.784,77,289,366,160,52,25,87,168,1105
Marcus Smart,22,79,24,2399,12,0.486,0.443,0.334,3.7,10.5,7.1,22,2.6,1.2,15.6,18.8,0.5,2.7,3.2,0.064,-1.1,0.9,-0.3,1,269,749,0.359,94,332,0.283,175,417,0.42,0.42,203,250,0.812,78,228,306,364,125,34,159,192,835
Marcus Thornton,29,33,1,575,10.4,0.494,0.381,0.129,4.3,10.5,7.5,10.1,1.6,0.4,10.1,18.7,0.1,0.4,0.5,0.042,-1.6,-1.5,-3.2,-0.2,84,210,0.4,28,80,0.35,56,130,0.43,0.47,23,27,0.852,22,54,76,41,19,3,25,48,219
Mario Hezonja,21,65,2,960,7.2,0.45,0.436,0.152,2.2,14.7,8.3,9.6,1.5,1.2,14.1,18.8,-1.4,0.7,-0.7,-0.034,-4.8,-1,-5.8,-0.9,117,330,0.355,43,144,0.299,74,186,0.4,0.42,40,50,0.8,20,126,146,62,30,14,58,74,317
Markieff Morris,27,76,76,2374,13.7,0.54,0.22,0.242,5.1,18.2,11.7,7.8,1.7,1.5,11.6,20.5,1.6,2.5,4.1,0.083,-1.3,0.2,-1,0.6,406,889,0.457,71,196,0.362,335,693,0.48,0.5,180,215,0.837,107,385,492,126,82,42,129,254,1063
Marquese Chriss,19,82,75,1743,12.3,0.529,0.354,0.286,5.8,16.1,10.8,5.2,1.8,3.2,13.2,19.7,0.3,1.5,1.8,0.05,-1.6,0,-1.6,0.2,284,632,0.449,72,224,0.321,212,408,0.52,0.51,113,181,0.624,96,252,348,60,67,70,108,263,753
Marreese Speights,29,82,2,1286,17.6,0.584,0.505,0.25,7.9,24.1,16.2,8.1,0.9,2.6,10.2,23.6,2.5,1.7,4.2,0.156,1.5,-0.8,0.7,0.9,244,548,0.445,103,277,0.372,141,271,0.52,0.54,120,137,0.876,88,285,373,66,23,41,69,229,711
Marshall Plumlee,24,21,1,170,10.9,0.521,0,0.633,14.5,17.8,16.2,8.1,1.2,1.9,23.8,12.8,0,0.1,0.2,0.048,-2.9,0.1,-2.8,0,16,30,0.533,0,0,0,16,30,0.53,0.53,8,19,0.421,23,28,51,10,4,4,12,23,40
Marvin Williams,30,76,76,2295,13.7,0.551,0.503,0.213,4.2,19.7,11.9,7.1,1.3,2,7.2,16.3,2.4,2.6,5,0.105,-0.3,0.5,0.2,1.3,297,704,0.422,124,354,0.35,173,350,0.49,0.51,131,150,0.873,89,409,498,106,58,53,60,134,849
Mason Plumlee,26,81,64,2148,18.1,0.558,0.01,0.482,8.8,22.5,15.6,19.8,1.6,3.4,15.2,18.1,3.6,2.5,6,0.134,0,2.6,2.6,2.5,334,623,0.536,0,6,0,334,617,0.54,0.54,174,300,0.58,170,436,606,284,69,92,135,226,842
Matt Barnes,36,74,18,1777,10.3,0.514,0.556,0.188,4.6,19.9,12.4,15.6,1.3,1.3,17.3,15.6,0.3,1.7,2,0.053,-1.2,0.6,-0.6,0.6,185,473,0.391,87,263,0.331,98,210,0.47,0.48,70,89,0.787,70,317,387,194,48,26,107,185,527
Matthew Dellavedova,26,76,54,1986,9.4,0.501,0.403,0.18,1.4,7.1,4.3,25.7,1.4,0,18.8,16.3,0.3,0.9,1.2,0.029,-1.9,-2.8,-4.7,-1.4,208,534,0.39,79,215,0.367,129,319,0.4,0.46,82,96,0.854,24,123,147,357,53,0,133,153,577
Maurice Harkless,23,77,69,2223,13.2,0.57,0.311,0.199,6.2,10.8,8.5,6,1.9,2.5,11.1,15.1,2.4,1.9,4.2,0.092,0,0.8,0.8,1.5,314,624,0.503,68,194,0.351,246,430,0.57,0.56,77,124,0.621,125,216,341,89,85,70,85,214,773
Maurice Ndour,24,32,4,331,11.3,0.503,0.081,0.302,7.1,13.7,10.4,3.5,2.3,2,11,14.3,0.1,0.3,0.4,0.059,-3.5,-0.3,-3.8,-0.1,39,86,0.453,1,7,0.143,38,79,0.48,0.46,19,26,0.731,22,42,64,8,15,8,12,30,98
Metta World,37,25,2,160,6.2,0.38,0.559,0.235,3.3,10.6,6.8,9.8,2.7,1,8.5,21.9,-0.3,0.1,-0.2,-0.065,-4.2,-2.4,-6.6,-0.2,19,68,0.279,9,38,0.237,10,30,0.33,0.35,10,16,0.625,5,15,20,11,9,2,7,18,57
Meyers Leonard,24,74,12,1222,8.9,0.507,0.563,0.106,2.4,19,10.7,8.4,0.5,1.8,8.1,15.5,0.5,0.8,1.4,0.053,-2.1,-1.3,-3.4,-0.4,146,378,0.386,74,213,0.347,72,165,0.44,0.48,35,40,0.875,27,209,236,71,13,28,35,172,401
Michael Beasley,28,56,6,935,17.8,0.584,0.106,0.259,5,18.9,12,9.9,1.5,2.5,12.7,25.3,0.8,1,1.8,0.093,-1.7,-1.1,-2.9,-0.2,216,406,0.532,18,43,0.419,198,363,0.55,0.55,78,105,0.743,40,153,193,53,28,27,66,92,528
Michael Carter-Williams,25,45,19,846,9.9,0.437,0.209,0.252,3,16.4,9.7,20,2.3,2.2,16.3,20.9,-1,1.3,0.2,0.013,-4.1,1.7,-2.4,-0.1,112,306,0.366,15,64,0.234,97,242,0.4,0.39,58,77,0.753,24,128,152,113,38,23,66,102,297
Michael Gbinije,24,9,0,32,-2.1,0.184,0.4,0.2,6.6,3.5,5.1,7.9,0,0,0,15,-0.1,0,-0.1,-0.136,-7.7,-2.8,-10.4,-0.1,1,10,0.1,0,4,0,1,6,0.17,0.1,2,2,1,2,1,3,2,0,0,0,2,4
Michael Kidd-Gilchrist,23,81,81,2349,14.3,0.528,0.015,0.314,7.3,19.3,13.2,7.4,1.7,2.9,7.4,14.6,2.7,3.1,5.8,0.119,-2,2.2,0.2,1.3,295,618,0.477,1,9,0.111,294,609,0.48,0.48,152,194,0.784,156,409,565,114,81,77,56,187,743
Mike Conley,29,69,68,2292,23.2,0.604,0.415,0.365,1.5,10.8,6,34.5,2.1,0.8,11.8,26.3,7.5,2.5,10,0.209,6.5,-0.7,5.8,4.5,464,1009,0.46,171,419,0.408,293,590,0.5,0.55,316,368,0.859,31,211,242,433,92,19,156,126,1415
Mike Dunleavy,36,53,2,841,10.1,0.573,0.609,0.205,2.4,12.4,7.5,8.6,0.9,0.7,10.5,14,0.8,0.7,1.5,0.086,-1,-1.2,-2.2,0,93,220,0.423,53,134,0.396,40,86,0.47,0.54,36,45,0.8,18,97,115,50,15,7,28,67,275
Mike Miller,36,20,0,151,7.8,0.586,0.87,0.087,2.2,26.1,14.3,18.3,0.6,0,35.2,10.4,0,0.1,0.1,0.021,-3,-0.8,-3.8,-0.1,9,23,0.391,8,20,0.4,1,3,0.33,0.57,2,2,1,3,36,39,22,2,0,13,9,28
Mike Muscala,25,70,3,1237,14.4,0.596,0.326,0.19,6.9,14.4,10.7,11.9,1.2,2.8,13.1,14.8,1.8,1.6,3.4,0.132,-0.4,1.5,1.1,1,170,337,0.504,46,110,0.418,124,227,0.55,0.57,49,64,0.766,76,164,240,95,30,41,55,97,435
Mike Scott,28,18,0,195,5.9,0.36,0.458,0.136,5.7,15,10.4,12.5,1,1.3,11.3,15.8,-0.3,0.2,-0.1,-0.014,-5.3,-0.1,-5.3,-0.2,17,59,0.288,4,27,0.148,13,32,0.41,0.32,7,8,0.875,10,27,37,17,4,3,8,12,45
Mike Tobey,22,2,0,25,-0.1,0.25,0,0,8.7,4.4,6.6,5.4,0,0,20,9,0,0,0,-0.07,-7.4,-1.5,-8.9,0,1,4,0.25,0,0,0,1,4,0.25,0.25,0,0,0,2,1,3,1,0,0,1,2,2
Miles Plumlee,28,45,12,484,8.4,0.518,0,0.424,9,13.3,11.1,6.1,1.9,2.4,21.6,13.1,-0.1,0.5,0.5,0.045,-4.4,0.7,-3.6,-0.2,44,92,0.478,0,0,0,44,92,0.48,0.48,25,39,0.641,38,57,95,21,18,13,30,73,113
Mindaugas Kuzminskas,27,68,5,1016,12.4,0.533,0.455,0.184,5,8.4,6.7,10.3,1.4,0.9,11.3,19.2,0.8,0.4,1.2,0.055,-0.2,-2.5,-2.7,-0.2,158,369,0.428,54,168,0.321,104,201,0.52,0.5,55,68,0.809,47,79,126,69,29,11,51,79,425
Mirza Teletovic,31,70,2,1133,8.8,0.515,0.73,0.108,1.1,15.4,8.3,6.4,0.5,1,7.8,19.1,-0.1,0.7,0.6,0.025,-1.5,-3.4,-4.9,-0.8,156,418,0.373,104,305,0.341,52,113,0.46,0.5,35,45,0.778,11,151,162,48,12,13,37,109,451
Monta Ellis,31,74,33,1998,10,0.514,0.242,0.23,1.1,10.3,5.7,17.2,2,1.2,18,16.8,-0.7,1.7,1.1,0.026,-2.5,0.2,-2.3,-0.2,247,557,0.443,43,135,0.319,204,422,0.48,0.48,93,128,0.727,19,185,204,236,79,27,135,149,630
Montrezl Harrell,23,58,14,1064,19.2,0.662,0.02,0.351,8.3,14.2,11.2,9.6,0.9,3.2,9.9,17.6,3.1,1,4.1,0.183,0.8,0.2,0.9,0.8,225,345,0.652,1,7,0.143,224,338,0.66,0.65,76,121,0.628,81,138,219,64,20,42,44,126,527
Myles Turner,20,81,81,2541,18.5,0.585,0.132,0.349,6.2,19.5,13,6.6,1.5,6,9.5,19.5,4.3,3.7,8,0.151,-0.3,2.7,2.4,2.8,444,869,0.511,40,115,0.348,404,754,0.54,0.53,245,303,0.809,139,448,587,106,74,173,105,262,1173
Nemanja Bjelica,28,65,1,1190,11,0.526,0.497,0.171,5.5,18.6,12,9.6,1.7,1.4,13.4,16.4,0.6,0.9,1.5,0.059,-0.7,-0.4,-1.1,0.3,151,356,0.424,56,177,0.316,95,179,0.53,0.5,45,61,0.738,57,187,244,79,40,20,59,154,403
Nene Hilario,34,67,8,1198,18.9,0.63,0.023,0.496,8.6,16.9,12.8,8.6,2.2,2.7,13.1,19.7,2.5,1.6,4.1,0.165,-0.4,0.9,0.5,0.8,245,397,0.617,3,9,0.333,242,388,0.62,0.62,116,197,0.589,95,186,281,65,56,40,73,163,609
Nerlens Noel,22,51,19,1047,20.4,0.622,0.003,0.359,9.8,22.3,15.9,8.1,3.1,4.1,12.5,17.6,2.1,1.9,4,0.182,-0.5,3.8,3.3,1.4,184,309,0.595,0,1,0,184,308,0.6,0.6,77,111,0.694,93,201,294,50,65,51,51,126,445
Nick Collison,36,20,0,128,12.8,0.622,0.043,0.348,7.8,18.2,13,13.2,0.8,1.2,13.1,10.1,0.3,0.1,0.4,0.144,-1.7,-0.1,-1.8,0,14,23,0.609,0,1,0,14,22,0.64,0.61,5,8,0.625,9,21,30,12,2,2,4,17,33
Nick Young,31,60,60,1556,14.1,0.588,0.665,0.142,1.7,8.2,4.8,5.8,1.2,0.7,5.1,19.5,3,0.2,3.2,0.098,2.6,-3.4,-0.7,0.5,272,633,0.43,170,421,0.404,102,212,0.48,0.56,77,90,0.856,25,112,137,58,37,14,36,137,791
Nicolas Batum,28,77,77,2617,15.8,0.529,0.415,0.291,1.9,18.4,10.1,27.6,1.6,1,15,22.3,1.7,2.8,4.5,0.083,0.6,0.6,1.2,2.1,393,975,0.403,135,405,0.333,258,570,0.45,0.47,243,284,0.856,46,435,481,455,86,29,194,109,1164
Nicolas Brussino,23,54,2,521,10.7,0.498,0.674,0.156,5.5,16.2,10.6,13.9,1.7,1.4,14.7,16,0,0.6,0.6,0.055,-1.7,0.7,-1,0.1,52,141,0.369,29,95,0.305,23,46,0.5,0.47,17,22,0.773,26,69,95,47,17,8,26,43,150
Nicolas Laprovittola,27,18,3,174,8.4,0.579,0.574,0.191,0.7,5.7,3.3,23,1.2,0.5,27.2,18.2,0,0.2,0.2,0.044,-2.5,-2.4,-4.9,-0.1,20,47,0.426,10,27,0.37,10,20,0.5,0.53,9,9,1,1,9,10,28,4,1,19,19,59
Nik Stauskas,23,80,27,2188,9,0.54,0.566,0.237,1.1,10.3,5.7,12.9,1,1.2,15.5,16.4,0.1,1.4,1.4,0.031,-1.7,-0.7,-2.4,-0.2,251,634,0.396,132,359,0.368,119,275,0.43,0.5,122,150,0.813,21,205,226,188,45,32,128,144,756
Nikola Jokic,21,73,59,2038,26.4,0.64,0.163,0.267,11.6,27.2,19.5,28.8,1.5,2.1,15.2,23.5,7.7,2,9.7,0.229,6.2,2.2,8.3,5.3,494,854,0.578,45,139,0.324,449,715,0.63,0.61,188,228,0.825,212,506,718,359,61,56,171,214,1221
Nikola Mirotic,25,70,15,1679,14.5,0.546,0.603,0.205,3.9,20.9,12.3,6.9,1.6,2.7,10.4,19.8,1.3,2.5,3.8,0.108,0,0.5,0.4,1,258,625,0.413,129,377,0.342,129,248,0.52,0.52,99,128,0.773,61,323,384,75,53,56,79,128,744
Nikola Vucevic,26,75,55,2163,19.1,0.498,0.073,0.155,8.6,31.2,19.6,16.9,1.8,2.8,9.6,24.8,0.8,3.2,4,0.088,-1.3,2.4,1.1,1.7,483,1031,0.468,23,75,0.307,460,956,0.48,0.48,107,160,0.669,176,603,779,208,77,74,117,180,1096
Noah Vonleh,21,74,41,1265,10.8,0.525,0.074,0.348,11.4,22.5,17,3.4,1.2,1.7,17.1,13.1,0.6,1.2,1.8,0.069,-3.5,-0.3,-3.9,-0.6,130,270,0.481,7,20,0.35,123,250,0.49,0.49,60,94,0.638,131,256,387,31,30,27,64,154,327
Norman Powell,23,76,18,1368,14,0.552,0.342,0.314,2.2,11.7,6.9,9.3,1.9,0.9,10.8,21.1,1.4,1.4,2.8,0.097,-0.4,-1.2,-1.5,0.2,227,506,0.449,56,173,0.324,171,333,0.51,0.5,126,159,0.792,26,142,168,82,51,14,70,127,636
Norris Cole,28,13,0,125,5.4,0.381,0.25,0.192,0,9.8,4.9,16.3,3.1,0,11,21.5,-0.2,0.2,-0.1,-0.033,-6.5,-1.7,-8.2,-0.2,16,52,0.308,3,13,0.231,13,39,0.33,0.34,8,10,0.8,0,11,11,14,8,0,7,18,43
Okaro White,24,35,0,471,7.5,0.507,0.391,0.253,5.8,13.5,9.6,6,1.1,1.7,15.7,10.8,0.1,0.5,0.6,0.066,-3.1,0.9,-2.1,0,33,87,0.379,12,34,0.353,21,53,0.4,0.45,20,22,0.909,25,57,82,21,10,10,18,52,98
Omer Asik,30,31,19,482,9.8,0.517,0,0.6,10.4,25.3,17.8,4.2,0.5,1.7,14.6,8.8,0.4,0.6,1,0.1,-4.3,1.2,-3.1,-0.1,31,65,0.477,0,0,0,31,65,0.48,0.48,23,39,0.59,48,115,163,15,5,10,14,51,85
Omri Casspi,28,36,2,643,9.9,0.523,0.261,0.176,4.9,15.2,10.1,8.6,1.8,0.4,14,14.5,0.1,0.4,0.5,0.037,-2.5,-0.6,-3,-0.2,77,165,0.467,15,43,0.349,62,122,0.51,0.51,17,29,0.586,27,85,112,37,23,3,29,50,186
Otto Porter,23,80,80,2605,17.3,0.628,0.425,0.148,5.1,17.1,11.1,6.7,2.2,1.3,4.8,15.1,6.5,2.9,9.4,0.173,3,0.9,3.9,3.9,414,803,0.516,148,341,0.434,266,462,0.58,0.61,99,119,0.832,118,397,515,121,116,41,43,193,1075
P.J. Tucker,31,81,21,2236,10.5,0.516,0.407,0.193,5.6,17.8,11.6,6,2.5,0.7,11.2,11.2,1.4,2.2,3.6,0.078,-0.7,1.6,0.9,1.6,199,482,0.413,70,196,0.357,129,286,0.45,0.49,72,93,0.774,117,355,472,99,116,19,66,196,540
Pascal Siakam,22,55,38,859,11.5,0.523,0.034,0.156,8.4,15.9,12.2,2.9,1.5,4.5,13.1,13.1,0.4,1.2,1.6,0.089,-3,1.8,-1.1,0.2,103,205,0.502,1,7,0.143,102,198,0.52,0.51,22,32,0.688,64,121,185,17,26,45,33,109,229
Pat Connaughton,24,39,1,316,11.8,0.645,0.458,0.125,3.5,14.8,9.1,12.7,0.9,0.5,18.3,13,0.4,0.2,0.6,0.09,-0.9,-1.6,-2.5,0,37,72,0.514,17,33,0.515,20,39,0.51,0.63,7,9,0.778,10,42,52,28,6,2,17,23,98
Patricio Garino,23,5,0,43,-9.2,0,0.714,0,2.5,15.6,8.9,0,0,0,30,10.2,-0.2,0,-0.2,-0.25,-14.1,-3.3,-17.3,-0.2,0,7,0,0,5,0,0,2,0,0,0,0,0,1,6,7,0,0,0,3,4,0
Patrick Beverley,28,67,67,2058,13,0.546,0.53,0.175,5,15.9,10.4,18.8,2.3,1,14.6,14.1,2.9,2.4,5.3,0.124,0.8,1.5,2.3,2.2,228,543,0.42,110,288,0.382,118,255,0.46,0.52,73,95,0.768,95,299,394,281,99,25,100,222,639
Patrick McCaw,21,71,20,1074,8.6,0.54,0.502,0.151,2.4,7.6,5.2,9,1.4,1.1,12.1,11.9,0.6,1.2,1.7,0.077,-1.6,-0.1,-1.7,0.1,106,245,0.433,41,123,0.333,65,122,0.53,0.52,29,37,0.784,22,79,101,77,32,15,36,62,282
Patrick Patterson,27,65,8,1599,10.8,0.542,0.659,0.156,4.4,16.2,10.3,6.6,1.3,1.2,8.5,12.5,1.7,1.6,3.3,0.1,0.5,0.4,0.9,1.2,154,384,0.401,94,253,0.372,60,131,0.46,0.52,43,60,0.717,62,229,291,76,40,23,38,120,445
Patty Mills,28,80,8,1754,15.2,0.577,0.572,0.129,1.6,7.4,4.6,24.3,1.9,0.1,13.3,19.5,2.8,2.2,5.1,0.139,2.5,-1.2,1.3,1.5,273,622,0.439,147,356,0.413,126,266,0.47,0.56,66,80,0.825,24,118,142,280,65,3,101,109,759
Pau Gasol,36,64,39,1627,20.2,0.578,0.172,0.305,7.6,26.8,17.4,14.7,0.8,3.5,10.6,21.3,3.3,3.1,6.4,0.189,0.9,2.8,3.7,2.4,303,604,0.502,56,104,0.538,247,500,0.49,0.55,130,184,0.707,107,394,501,150,24,70,81,110,792
Paul George,26,75,75,2689,20.2,0.586,0.368,0.277,2.5,17.9,10.3,16.1,2.2,0.9,12.6,28.9,4,3.1,7.1,0.127,3.1,-0.3,2.8,3.2,622,1349,0.461,195,496,0.393,427,853,0.5,0.53,336,374,0.898,58,434,492,251,117,27,218,206,1775
Paul Millsap,31,69,67,2343,17.8,0.542,0.248,0.417,5.3,19.5,12.5,17.9,1.9,2.3,12.1,24.4,2.6,3.8,6.4,0.132,0.5,2.1,2.7,2.7,430,972,0.442,75,241,0.311,355,731,0.49,0.48,311,405,0.768,111,422,533,252,90,62,158,186,1246
Paul Pierce,39,25,7,277,5.7,0.535,0.614,0.186,0.4,18.5,9.7,5,0.7,1.5,17.4,14.8,-0.2,0.3,0.1,0.015,-3.9,-0.5,-4.4,-0.2,28,70,0.4,15,43,0.349,13,27,0.48,0.51,10,13,0.769,1,47,48,10,4,5,16,40,81
Paul Zipser,22,44,18,843,6.9,0.503,0.448,0.181,1.9,14.2,8,6.1,0.9,1.5,14.4,14.4,-0.3,0.8,0.5,0.03,-3.6,-0.1,-3.7,-0.4,88,221,0.398,33,99,0.333,55,122,0.45,0.47,31,40,0.775,15,110,125,36,15,16,40,78,240
Pierre Jackson,25,8,1,84,13,0.416,0.282,0.179,1.3,11.6,6.2,38,1.2,0,6.7,25.3,0,0.1,0,0.021,-1.7,-2.8,-4.4,-0.1,13,39,0.333,3,11,0.273,10,28,0.36,0.37,6,7,0.857,1,8,9,19,2,0,3,5,35
Quincy Acy,26,38,1,558,11.8,0.565,0.529,0.353,3.9,18,11,4.9,1.2,2,9.7,16.8,0.5,0.5,0.9,0.082,-1.8,-1.2,-3,-0.1,70,170,0.412,37,90,0.411,33,80,0.41,0.52,45,60,0.75,20,95,115,18,14,15,21,67,222
Quinn Cook,23,14,0,188,11.8,0.579,0.394,0.076,0.6,3.6,2,22.8,1.1,0,16,19.6,0.1,0.1,0.2,0.047,-1.7,-4.2,-5.9,-0.2,33,66,0.5,11,26,0.423,22,40,0.55,0.58,2,5,0.4,1,6,7,26,4,0,13,13,79
R.J. Hunter,23,3,0,9,-3.2,0,1,0,0,12.1,6,0,0,0,0,4.8,0,0,0,-0.088,-9.4,-2.1,-11.4,0,0,1,0,0,1,0,0,0,0,0,0,0,0,0,1,1,0,0,0,0,0,0
Rajon Rondo,30,69,42,1843,13.6,0.461,0.237,0.089,4.2,16.6,10.4,37,2.7,0.5,22.4,17.8,-0.3,2.7,2.3,0.061,-1.3,1.6,0.3,1.1,229,561,0.408,50,133,0.376,179,428,0.42,0.45,30,50,0.6,73,282,355,461,99,11,168,144,538
Rakeem Christmas,25,29,0,219,10.4,0.529,0,0.674,13.5,15.2,14.4,2.5,0.7,2.4,12.5,13.1,0.3,0.2,0.5,0.099,-3,-1.2,-4.3,-0.1,19,43,0.442,0,0,0,19,43,0.44,0.44,21,29,0.724,26,30,56,4,3,6,8,37,59
Ramon Sessions,30,50,1,811,12.3,0.495,0.236,0.449,1.5,8.5,4.9,24.2,1.6,0.3,12.7,20.1,0.3,0.6,0.9,0.054,-2.4,-2.3,-4.8,-0.6,100,263,0.38,21,62,0.339,79,201,0.39,0.42,91,118,0.771,11,62,73,129,26,3,46,43,312
Randy Foye,33,69,40,1284,7.3,0.506,0.625,0.194,0.8,11.9,6.4,15.2,1.3,0.5,18.5,14.4,-0.6,0.7,0.2,0.006,-3,-1,-3.9,-0.6,118,325,0.363,67,203,0.33,51,122,0.42,0.47,54,63,0.857,9,146,155,135,35,9,80,99,357
Rashad Vaughn,20,41,2,458,7.8,0.449,0.519,0.032,1,11.3,6.2,7.4,2.1,1.9,8.1,17.2,-0.5,0.4,0,-0.005,-3.7,-1.2,-4.9,-0.3,57,156,0.365,26,81,0.321,31,75,0.41,0.45,2,5,0.4,4,45,49,23,19,10,14,32,142
Raul Neto,24,40,0,346,10.7,0.527,0.341,0.099,1.4,8.4,5,15.1,3.2,1.2,13.6,14.8,0.2,0.6,0.7,0.1,-1.7,1.4,-0.3,0.1,41,91,0.451,10,31,0.323,31,60,0.52,0.51,8,9,0.889,4,26,30,34,21,5,15,48,100
Raymond Felton,32,80,11,1700,10.9,0.496,0.28,0.125,2.2,11.8,7.1,16.3,2,1.1,13.3,16.5,0.2,1.8,2,0.055,-1.8,0.9,-0.9,0.5,221,514,0.43,46,144,0.319,175,370,0.47,0.48,50,64,0.781,33,184,217,191,67,22,83,125,538
Reggie Bullock,25,31,5,467,11.7,0.538,0.57,0.055,2.9,12.4,7.5,8.8,1.9,0.5,7.1,13.4,0.4,0.5,1,0.101,-0.4,0.5,0.1,0.2,54,128,0.422,28,73,0.384,26,55,0.47,0.53,5,7,0.714,13,51,64,29,18,3,10,22,141
Reggie Jackson,26,52,50,1424,14.9,0.51,0.272,0.201,1.6,7.3,4.3,30.3,1.2,0.3,13.4,26.4,0.8,1.2,1.9,0.065,0.6,-2.1,-1.4,0.2,284,677,0.419,66,184,0.359,218,493,0.44,0.47,118,136,0.868,21,92,113,270,35,5,114,129,752
Reggie Williams,30,6,0,79,11.7,0.518,0.478,0.304,2.7,5.4,4,7.2,1.9,0,0,14.6,0.1,0.1,0.2,0.098,-0.8,-1.6,-2.4,0,8,23,0.348,5,11,0.455,3,12,0.25,0.46,6,7,0.857,2,4,6,4,3,0,0,2,27
Richard Jefferson,36,79,13,1614,8.2,0.574,0.542,0.315,2,11.5,6.9,6.6,0.8,0.5,11.8,12.2,1.3,0.8,2.1,0.063,-1.3,-1,-2.4,-0.1,153,343,0.446,62,186,0.333,91,157,0.58,0.54,80,108,0.741,28,174,202,78,26,10,52,153,448
Richaun Holmes,23,57,17,1193,18.6,0.611,0.187,0.25,8.7,20.1,14.4,8.3,1.7,3.7,10.7,18.6,2.2,1.6,3.7,0.151,0.2,1.5,1.7,1.1,230,412,0.558,27,77,0.351,203,335,0.61,0.59,72,103,0.699,94,217,311,58,42,55,55,136,559
Ricky Rubio,26,75,75,2469,16.8,0.539,0.302,0.438,3.2,11.4,7.2,38.9,2.6,0.3,20.1,17.4,4.5,1.7,6.1,0.119,1.7,-1,0.8,1.7,261,650,0.402,60,196,0.306,201,454,0.44,0.45,254,285,0.891,68,237,305,682,128,10,195,202,836
Robert Covington,26,67,67,2119,13.2,0.534,0.563,0.238,4.8,17.9,11.3,7.5,2.9,2.6,13.9,19.2,0,3.2,3.1,0.071,-0.7,2,1.4,1.8,292,732,0.399,137,412,0.333,155,320,0.48,0.49,143,174,0.822,92,344,436,102,127,69,131,203,864
Robin Lopez,28,81,81,2271,14.4,0.511,0.003,0.134,11.4,13.2,12.3,5.6,0.4,4.1,9.9,17.5,1.8,2.4,4.3,0.09,-1.9,1,-0.9,0.6,382,775,0.493,0,2,0,382,773,0.49,0.49,75,104,0.721,243,276,519,80,18,117,90,151,839
Rodney Hood,24,59,55,1593,12.4,0.522,0.461,0.173,1.2,13.1,7.3,10.1,1.3,0.6,8.3,22.9,0.7,1.9,2.6,0.078,-0.3,-0.9,-1.2,0.3,272,666,0.408,114,307,0.371,158,359,0.44,0.49,90,115,0.783,16,186,202,96,38,11,65,132,748
Rodney McGruder,25,78,65,1966,9.1,0.506,0.478,0.154,5.3,9.2,7.2,8.8,1.2,0.7,10.2,12.3,1.2,1.7,2.9,0.072,-0.8,0.5,-0.4,0.8,190,460,0.413,73,220,0.332,117,240,0.49,0.49,44,71,0.62,95,162,257,124,45,18,56,140,497
Rodney Stuckey,30,39,0,696,9.5,0.483,0.246,0.439,1,12.4,6.8,17.7,1.2,0,15.4,22.2,-0.5,0.4,-0.1,-0.006,-3.8,-2.2,-6,-0.7,91,244,0.373,19,60,0.317,72,184,0.39,0.41,80,107,0.748,6,78,84,84,16,0,53,44,281
Ron Baker,23,52,13,857,7.5,0.456,0.396,0.198,1.5,10.8,6.2,17.3,2,0.8,19.2,14.8,-0.6,0.5,-0.1,-0.008,-3.5,-0.9,-4.4,-0.5,82,217,0.378,23,86,0.267,59,131,0.45,0.43,28,43,0.651,12,86,98,107,34,8,56,74,215
Rondae Hollis-Jefferson,22,78,50,1761,13.7,0.517,0.124,0.467,5.8,21.1,13.6,13.4,2.2,1.9,15.1,18.7,0.4,2.2,2.6,0.07,-2.9,1.9,-1,0.4,235,542,0.434,15,67,0.224,220,475,0.46,0.45,190,253,0.751,96,356,452,154,82,44,116,177,675
Ronnie Price,33,14,0,134,5.9,0.272,0.708,0.167,2.4,6.7,4.5,16.9,3.9,0.6,10.4,9,-0.1,0.1,0,0.002,-3.2,0.8,-2.4,0,4,24,0.167,3,17,0.176,1,7,0.14,0.23,3,4,0.75,3,8,11,18,11,1,3,14,14
Roy Hibbert,30,48,13,682,13.6,0.614,0,0.51,8.7,16.2,12.4,4.6,0.6,5.9,15.1,14,1,0.8,1.8,0.13,-2.9,1.9,-1.1,0.2,80,147,0.544,0,0,0,80,147,0.54,0.54,61,75,0.813,54,100,154,21,8,46,32,100,221
Rudy Gay,30,30,30,1013,17.9,0.559,0.256,0.312,4,17.5,10.8,13.9,2.2,2.3,12.8,25.8,0.8,1,1.8,0.086,0.3,0.4,0.7,0.7,201,442,0.455,42,113,0.372,159,329,0.48,0.5,118,138,0.855,35,155,190,82,44,26,74,79,562
Rudy Gobert,24,81,81,2744,23.3,0.682,0.002,0.763,13.6,29.5,21.8,5.7,0.9,6.4,15.1,16.7,8.3,6,14.3,0.25,1.4,4.5,5.8,5.4,413,624,0.662,0,1,0,413,623,0.66,0.66,311,476,0.653,314,721,1035,97,49,214,148,246,1137
Russell Westbrook,28,81,81,2802,30.6,0.554,0.3,0.433,5.4,28.8,17.1,57.3,2.3,0.9,15.9,41.7,8.5,4.6,13.1,0.224,10.9,4.7,15.6,12.4,824,1941,0.425,200,583,0.343,624,1358,0.46,0.48,710,840,0.845,137,727,864,840,133,31,438,190,2558
Ryan Anderson,28,72,72,2116,13.5,0.583,0.655,0.194,5.8,11.2,8.5,4.7,0.7,0.5,6.2,17.9,4,1.1,5.2,0.118,1.8,-2.6,-0.8,0.6,323,773,0.418,204,506,0.403,119,267,0.45,0.55,129,150,0.86,112,218,330,68,32,14,55,142,979
Ryan Kelly,25,16,0,110,7.8,0.408,0.357,0.214,1,16.7,9,10.2,1.8,3.9,11.5,13.7,-0.1,0.2,0.1,0.029,-6.2,2.3,-3.9,-0.1,8,28,0.286,4,10,0.4,4,18,0.22,0.36,5,6,0.833,1,17,18,8,4,5,4,5,25
Salah Mejri,30,73,11,905,14.8,0.65,0.022,0.445,11.9,28.4,19.8,2.4,1.8,6.1,19.6,10.6,1.3,1.7,3,0.159,-3.6,3.8,0.2,0.5,88,137,0.642,1,3,0.333,87,134,0.65,0.65,36,61,0.59,97,211,308,14,32,61,40,152,213
Sam Dekker,22,77,2,1419,13,0.549,0.436,0.159,7.2,14.6,10.9,7.7,1.3,1.2,8.2,14.9,1.9,1.2,3.1,0.105,-0.4,-0.6,-1.1,0.3,203,429,0.473,60,187,0.321,143,242,0.59,0.54,38,68,0.559,94,190,284,76,38,21,41,83,504
Sasha Vujacic,32,42,4,408,8.6,0.423,0.544,0.176,3.2,12.4,7.8,17.9,1.6,0.4,9.8,17.3,-0.1,0.2,0.1,0.014,-2.1,-2.2,-4.3,-0.2,42,136,0.309,23,74,0.311,19,62,0.31,0.39,17,24,0.708,12,47,59,52,13,2,16,38,124
Sean Kilpatrick,27,70,24,1754,13.1,0.546,0.419,0.329,1.3,15.4,8.4,14.6,1.2,0.3,13.9,23.9,0.3,1.1,1.4,0.039,-1.2,-1.8,-3,-0.4,305,735,0.415,105,308,0.341,200,427,0.47,0.49,204,242,0.843,22,258,280,157,46,6,136,118,919
Semaj Christon,24,64,1,973,5.7,0.387,0.283,0.139,2.2,7.9,5,18.1,1.4,0.5,15.4,12.2,-0.7,0.8,0.1,0.006,-5,-1.3,-6.3,-1.1,77,223,0.345,12,63,0.19,65,160,0.41,0.37,17,31,0.548,19,69,88,130,28,6,43,79,183
Serge Ibaka,27,79,79,2422,16.4,0.566,0.323,0.127,5.7,19,12.2,5.2,0.8,4.2,9.2,20.9,2.5,2.6,5.1,0.101,-0.5,0.1,-0.4,1,471,982,0.48,124,317,0.391,347,665,0.52,0.54,107,125,0.856,129,409,538,75,41,124,105,215,1173
Sergio Rodriguez,30,68,30,1518,11,0.484,0.47,0.05,1.5,9.9,5.7,35.4,1.5,0.2,18.9,19.3,-0.3,1,0.7,0.022,-1.6,-2.4,-4,-0.7,210,536,0.392,92,252,0.365,118,284,0.42,0.48,18,27,0.667,21,136,157,344,48,4,128,95,530
Seth Curry,26,70,42,2029,15.5,0.601,0.458,0.142,1.4,9.2,5.1,15.9,2,0.3,11,19.5,2.9,1.7,4.6,0.109,1.8,-0.4,1.4,1.7,338,703,0.481,137,322,0.425,201,381,0.53,0.58,85,100,0.85,25,153,178,188,79,7,92,126,898
Shabazz Muhammad,24,78,1,1516,14.9,0.566,0.244,0.318,6.4,10.6,8.5,3.7,0.7,0.3,7.6,21.5,2.5,0.2,2.7,0.086,-0.2,-4.3,-4.4,-0.9,288,598,0.482,49,146,0.336,239,452,0.53,0.52,147,190,0.774,84,136,220,35,22,6,56,86,772
Shabazz Napier,25,53,2,512,13.6,0.533,0.503,0.268,1.7,11.5,6.6,19.5,3.1,0.3,16.7,21.2,0.1,0.5,0.6,0.06,-0.9,-1.3,-2.2,0,73,183,0.399,34,92,0.37,39,91,0.43,0.49,38,49,0.776,8,53,61,67,32,2,41,38,218
Shaun Livingston,31,76,3,1345,10.1,0.568,0.009,0.19,2.4,9.4,6.2,13.5,1.4,1.2,15.1,12.9,1.1,1.6,2.6,0.094,-2.5,0.5,-2,0,173,316,0.547,1,3,0.333,172,313,0.55,0.55,42,60,0.7,28,123,151,139,38,20,61,120,389
Shawn Long,24,18,0,234,24.1,0.595,0.174,0.321,19.3,20.8,20,10.7,1.9,3.1,9.5,25.4,0.6,0.3,0.9,0.195,3.4,0,3.4,0.3,61,109,0.56,7,19,0.368,54,90,0.6,0.59,19,35,0.543,41,44,85,13,9,9,13,49,148
Sheldon McClellan,24,30,3,287,10.1,0.518,0.4,0.36,1.6,11.7,6.7,7,1.4,0.6,5.4,14,0.3,0.2,0.5,0.076,-2.1,-1.5,-3.6,-0.1,30,75,0.4,7,30,0.233,23,45,0.51,0.45,23,27,0.852,4,30,34,15,8,2,5,17,90
Shelvin Mack,26,55,9,1205,10.9,0.518,0.315,0.202,2,10.1,6.1,20.4,1.8,0.2,17.8,19.6,-0.1,1.5,1.4,0.054,-1.7,-0.1,-1.8,0.1,170,381,0.446,37,120,0.308,133,261,0.51,0.5,53,77,0.688,20,108,128,154,42,3,90,100,430
Skal Labissiere,20,33,12,612,16.8,0.577,0.037,0.339,9.7,20.7,15.3,7.5,1.3,1.9,12.9,21.3,0.7,0.5,1.3,0.099,-1.7,-0.9,-2.6,-0.1,117,218,0.537,3,8,0.375,114,210,0.54,0.54,52,74,0.703,51,111,162,27,16,13,37,64,289
Solomon Hill,25,80,71,2374,8,0.528,0.566,0.268,2.3,11.4,6.8,8.1,1.5,1.1,13.3,11.5,0.4,2.3,2.7,0.055,-1.8,1.5,-0.3,1,183,477,0.384,94,270,0.348,89,207,0.43,0.48,103,128,0.805,51,256,307,141,71,32,82,182,563
Spencer Dinwiddie,23,59,18,1334,12.7,0.581,0.334,0.526,2.2,10.7,6.5,20.3,1.6,1.3,15.1,14.1,1.9,0.9,2.8,0.101,-0.7,-0.2,-0.9,0.4,134,302,0.444,38,101,0.376,96,201,0.48,0.51,126,159,0.792,27,137,164,185,44,23,66,119,432
Spencer Hawes,28,54,1,797,15.6,0.562,0.292,0.188,5.3,21.5,13.4,16.5,0.9,3.3,14,19.8,0.7,1,1.7,0.102,-1.2,0.8,-0.5,0.3,134,277,0.484,25,81,0.309,109,196,0.56,0.53,44,52,0.846,38,153,191,81,15,30,49,77,337
Stanley Johnson,20,77,1,1371,7.2,0.436,0.422,0.145,2.8,12.7,7.5,10.5,2.1,1.5,15.5,14.8,-1.4,1.8,0.4,0.012,-3.8,1.8,-2,0,129,365,0.353,45,154,0.292,84,211,0.4,0.42,36,53,0.679,36,153,189,105,56,24,71,121,339
Stephen Curry,28,79,79,2638,24.6,0.624,0.547,0.251,2.7,11.4,7.3,31.1,2.6,0.5,13,30.1,8.6,3.9,12.6,0.229,7.7,-0.4,7.3,6.2,675,1443,0.468,324,789,0.411,351,654,0.54,0.58,325,362,0.898,61,292,353,523,143,17,239,183,1999
Stephen Zimmerman,20,19,0,108,7.3,0.346,0,0.161,10.8,24.9,17.6,5.3,0.9,3.7,8.3,14.8,-0.1,0.1,0,-0.005,-7.8,0.4,-7.3,-0.1,10,31,0.323,0,0,0,10,31,0.32,0.32,3,5,0.6,11,24,35,4,2,5,3,17,23
Steve Novak,33,8,0,22,1.3,0.357,0.857,0,0,15.7,7.9,0,0,0,0,14.5,0,0,0,-0.075,-6.9,-6.7,-13.6,-0.1,2,7,0.286,1,6,0.167,1,1,1,0.36,0,0,0,0,3,3,0,0,0,0,1,5
Steven Adams,23,80,80,2389,16.5,0.589,0.002,0.392,13,15.5,14.2,5.4,1.8,2.6,16,16.2,3.3,3.1,6.4,0.13,-0.7,1.2,0.5,1.5,374,655,0.571,0,1,0,374,654,0.57,0.57,157,257,0.611,282,333,615,86,88,78,146,195,905
T.J. McConnell,24,81,51,2133,13.7,0.504,0.107,0.176,2,11,6.5,37.5,3.1,0.4,22.4,14.4,1.4,2.4,3.8,0.084,-2,0.1,-1.9,0,236,512,0.461,11,55,0.2,225,457,0.49,0.47,73,90,0.811,39,212,251,534,134,10,159,139,556
T.J. Warren,23,66,59,2048,15.6,0.539,0.12,0.189,6.5,11.7,9,5.8,1.8,1.5,6.1,19.2,3,1.1,4.1,0.096,0.2,-0.5,-0.3,0.9,403,814,0.495,26,98,0.265,377,716,0.53,0.51,119,154,0.773,125,214,339,75,76,39,57,175,951
Taj Gibson,31,78,71,1989,15.1,0.543,0.018,0.223,8.6,18,13.2,5.9,1.1,2.6,11.9,19.3,1.6,2.5,4,0.098,-2.4,0.3,-2.1,0,365,709,0.515,3,13,0.231,362,696,0.52,0.52,113,158,0.715,158,328,486,73,42,66,105,163,846
Tarik Black,25,67,16,1091,15,0.56,0.007,0.371,13.8,20.7,17.1,5.3,1.3,3.3,14.5,15.7,1.5,0.9,2.4,0.105,-1.8,0.2,-1.6,0.1,150,294,0.51,1,2,0.5,149,292,0.51,0.51,82,109,0.752,143,199,342,39,30,44,58,173,383
Taurean Waller-Prince,22,59,10,981,9.8,0.513,0.358,0.33,2.8,14.6,8.8,8.4,2.2,2.4,15.7,17.2,-0.4,1.5,1.1,0.054,-3.8,1.5,-2.3,-0.1,114,285,0.4,33,102,0.324,81,183,0.44,0.46,74,94,0.787,25,132,157,55,43,27,61,96,335
Terrence Jones,25,54,12,1270,16.1,0.516,0.153,0.346,5.4,20.2,12.7,7.3,1.5,3.5,7.8,21.4,0.4,1.9,2.3,0.087,-2.7,1.3,-1.4,0.2,231,491,0.47,19,75,0.253,212,416,0.51,0.49,103,170,0.606,65,241,306,58,40,54,48,67,584
Terrence Ross,25,78,24,1955,13.4,0.55,0.524,0.103,1,10.9,5.9,7.1,2.3,1.4,8,19.3,1.5,2,3.5,0.086,0.4,-0.6,-0.2,0.9,326,746,0.437,142,391,0.363,184,355,0.52,0.53,64,77,0.831,18,189,207,88,88,33,68,143,858
Terry Rozier,22,74,0,1263,10.8,0.466,0.436,0.161,3.6,16.3,10,15.2,1.8,0.7,9.7,17.1,0,1.4,1.4,0.053,-2.5,0,-2.5,-0.2,151,411,0.367,57,179,0.318,94,232,0.41,0.44,51,66,0.773,40,187,227,131,45,11,47,69,410
Thabo Sefolosha,32,62,42,1596,11.9,0.519,0.304,0.19,3.8,14.7,9.3,9.9,3,1.7,11.9,13.3,0.6,2.7,3.3,0.098,-1.9,3.1,1.2,1.3,174,395,0.441,41,120,0.342,133,275,0.48,0.49,55,75,0.733,54,216,270,107,96,31,58,97,444
Thaddeus Young,28,74,74,2237,14.9,0.562,0.172,0.125,6.7,15.8,11.3,8.4,2.6,1.2,11.7,16.5,1.9,2.7,4.6,0.099,0,1.5,1.5,2,362,687,0.527,45,118,0.381,317,569,0.56,0.56,45,86,0.523,131,318,449,122,114,30,96,135,814
Thomas Robinson,25,48,1,560,17.3,0.535,0.005,0.337,15.8,28.1,21.8,8.8,2.3,1.3,17,20.7,0.3,0.6,0.9,0.079,-2.2,-0.1,-2.3,0,105,196,0.536,0,1,0,105,195,0.54,0.54,31,66,0.47,84,139,223,31,26,9,46,76,241
Thon Maker,19,57,34,562,14,0.558,0.409,0.271,8.4,15.2,11.8,6.2,0.9,4.1,7.7,17.8,0.8,0.5,1.3,0.113,-0.5,-1,-1.5,0.1,83,181,0.459,28,74,0.378,55,107,0.51,0.54,32,49,0.653,40,74,114,23,10,26,17,84,226
Tiago Splitter,32,8,0,76,15,0.544,0.194,0.355,11.6,20.3,15.9,8.9,0.6,1,14.3,23.9,0.1,0.1,0.1,0.072,-2.6,-2.4,-5,-0.1,14,31,0.452,2,6,0.333,12,25,0.48,0.48,9,11,0.818,8,14,22,4,1,1,6,8,39
Tim Frazier,26,65,35,1525,12.4,0.504,0.317,0.319,2.3,9.7,6,31.4,1.8,0.3,18,16.3,1,1.4,2.4,0.075,-1.5,-0.7,-2.2,-0.1,163,404,0.403,40,128,0.313,123,276,0.45,0.45,98,129,0.76,34,139,173,335,56,6,101,133,464
Tim Hardaway,24,79,30,2154,15.2,0.568,0.457,0.235,1.8,9.5,5.7,14.3,1.3,0.6,9.5,22.5,2.7,2.1,4.8,0.107,1.3,-1.5,-0.3,0.9,415,912,0.455,149,417,0.357,266,495,0.54,0.54,164,214,0.766,35,189,224,182,55,15,106,103,1143
Tim Quarterman,22,16,0,80,10.2,0.511,0.448,0.103,5.5,13.9,9.7,21.1,1.2,3,26.6,22.8,-0.1,0.1,-0.1,-0.044,-4,-0.8,-4.8,-0.1,13,29,0.448,5,13,0.385,8,16,0.5,0.53,0,3,0,4,10,14,11,2,3,11,6,31
Timofey Mozgov,30,54,52,1104,12.3,0.553,0.003,0.238,9.9,16.4,13.1,5.9,0.7,2.3,16.6,16.8,0.7,0.4,1.1,0.048,-2.8,-0.8,-3.6,-0.4,169,328,0.515,0,1,0,169,327,0.52,0.52,63,78,0.808,104,160,264,43,16,31,72,133,401
Timothe Luwawu-Cabarrot,21,69,19,1190,8.5,0.536,0.446,0.341,2.3,11.5,6.9,9.6,1.3,0.7,15,17.8,0,0.8,0.8,0.034,-2.8,-1.2,-4,-0.6,145,361,0.402,50,161,0.311,95,200,0.48,0.47,105,123,0.854,25,124,149,75,32,10,73,154,445
Tobias Harris,24,82,48,2567,16.9,0.568,0.295,0.213,2.6,15.6,8.8,8.8,1.2,1.3,7.6,21.7,4,2.8,6.9,0.129,1.1,0.1,1.2,2.1,511,1063,0.481,109,314,0.347,402,749,0.54,0.53,190,226,0.841,63,353,416,142,60,39,95,133,1321
Tomas Satoransky,25,57,3,719,8.5,0.48,0.253,0.226,3.9,9.1,6.5,16.7,1.8,0.7,19.1,12.1,0.1,0.5,0.6,0.041,-2.9,-0.2,-3.1,-0.2,61,146,0.418,9,37,0.243,52,109,0.48,0.45,23,33,0.697,25,58,83,92,26,6,38,60,154
Toney Douglas,30,24,0,394,10.6,0.451,0.359,0.248,3.7,14.3,8.9,22.2,2.4,1.2,13.9,17.4,0,0.5,0.5,0.06,-2.2,1,-1.2,0.1,43,117,0.368,7,42,0.167,36,75,0.48,0.4,24,29,0.828,13,48,61,56,18,5,21,50,117
Tony Allen,35,71,66,1914,13.3,0.493,0.091,0.218,9.6,13.8,11.7,8.4,3.1,1.4,13.3,17.9,0.2,2.9,3.1,0.077,-1.8,2.4,0.7,1.3,274,595,0.461,15,54,0.278,259,541,0.48,0.47,80,130,0.615,166,225,391,98,115,29,100,178,643
Tony Parker,34,63,63,1587,13,0.514,0.121,0.206,0.7,7.3,4,27.8,1.1,0.1,12.5,20.2,1.4,1.7,3,0.091,-1.2,-1.7,-3,-0.4,265,569,0.466,23,69,0.333,242,500,0.48,0.49,85,117,0.726,9,104,113,285,33,2,89,92,638
Tony Snell,25,80,80,2336,9.7,0.603,0.656,0.107,1.1,11.1,6.2,5.9,1.2,0.5,8.8,12.1,2.1,1.3,3.4,0.071,0.2,-1.1,-0.8,0.7,246,541,0.455,144,355,0.406,102,186,0.55,0.59,47,58,0.81,22,226,248,96,54,14,55,125,683
Treveon Graham,23,27,1,189,10.6,0.612,0.375,0.375,2.9,10,6.4,4.7,1.6,0.5,6,11.8,0.3,0.2,0.4,0.108,-1.5,-1.3,-2.8,0,19,40,0.475,9,15,0.6,10,25,0.4,0.59,10,15,0.667,5,17,22,6,6,1,3,18,57
Trevor Ariza,31,80,80,2773,12.3,0.548,0.695,0.158,2.1,15.9,9,8.8,2.5,0.6,8,14.1,2.8,3.2,6,0.104,0.7,1,1.7,2.6,326,798,0.409,191,555,0.344,135,243,0.56,0.53,93,126,0.738,54,405,459,175,147,20,74,133,936
Trevor Booker,29,71,43,1754,15.7,0.554,0.132,0.186,8.7,25.5,17.2,12.9,2.1,1.2,16.6,18.7,0.9,2.2,3.1,0.086,-1.6,1.8,0.2,1,305,591,0.516,25,78,0.321,280,513,0.55,0.54,74,110,0.673,142,428,570,138,76,28,127,152,709
Trey Burke,24,57,0,703,10.8,0.532,0.275,0.114,1.1,6.4,3.8,20.7,0.8,0.6,15.2,19.6,0.3,0.3,0.5,0.036,-2.3,-3.4,-5.7,-0.7,116,255,0.455,31,70,0.443,85,185,0.46,0.52,22,29,0.759,7,40,47,100,11,5,48,54,285
Trey Lyles,21,71,4,1158,10,0.464,0.465,0.18,4.9,18.1,11.7,9.6,1.2,1.4,11.9,21.7,-0.9,1.6,0.8,0.032,-2.9,-0.1,-3,-0.3,159,439,0.362,65,204,0.319,94,235,0.4,0.44,57,79,0.722,48,187,235,70,26,20,64,97,440
Tristan Thompson,25,78,78,2336,15.3,0.594,0.007,0.487,14,19.6,16.9,4.6,0.8,2.9,10.8,11.3,5,2.3,7.3,0.15,0,1.5,1.5,2.1,262,437,0.6,0,3,0,262,434,0.6,0.6,106,213,0.498,287,429,716,77,39,84,64,176,630
Troy Daniels,25,67,3,1183,10.4,0.531,0.717,0.109,2,7.9,4.8,6.6,0.9,0.3,8,21.7,0.5,0.8,1.3,0.051,0.3,-3.4,-3.1,-0.3,185,495,0.374,138,355,0.389,47,140,0.34,0.51,43,54,0.796,21,79,100,46,21,4,45,90,551
Troy Williams,22,30,16,557,8.9,0.511,0.371,0.192,3,11.2,7,7,2.5,1.7,15.4,17.2,-0.4,0.7,0.3,0.03,-3.4,0.7,-2.7,-0.1,73,167,0.437,18,62,0.29,55,105,0.52,0.49,21,32,0.656,15,54,69,25,27,10,33,60,185
Ty Lawson,29,69,24,1732,15.4,0.551,0.226,0.416,3,8.9,6,30,2.2,0.3,17.3,19.5,2.2,1,3.2,0.088,0.2,-1.5,-1.3,0.3,237,522,0.454,34,118,0.288,203,404,0.5,0.49,173,217,0.797,44,135,179,335,74,6,129,119,681
Tyler Ennis,22,53,2,588,11,0.521,0.337,0.12,1.8,6.8,4.3,21.7,2.1,0.3,17,19.1,0.1,0.3,0.4,0.033,-2.1,-2.7,-4.7,-0.4,90,208,0.433,27,70,0.386,63,138,0.46,0.5,21,25,0.84,10,36,46,86,26,2,45,58,228
Tyler Johnson,24,73,0,2178,15.9,0.535,0.303,0.308,2.5,12.5,7.4,16.6,1.9,1.6,8.8,20.9,3.1,2.7,5.8,0.128,0.7,0.7,1.5,1.9,357,824,0.433,93,250,0.372,264,574,0.46,0.49,195,254,0.768,50,243,293,233,84,44,90,176,1002
Tyler Ulis,21,61,15,1123,13,0.474,0.181,0.162,1.9,7.5,4.6,30.5,2,0.4,14.1,20.3,0.3,0.4,0.7,0.029,-1.4,-2.5,-4,-0.6,184,437,0.421,21,79,0.266,163,358,0.46,0.45,55,71,0.775,20,75,95,226,48,5,77,73,444
Tyler Zeller,27,51,5,525,13,0.508,0.006,0.247,9.2,17,13.2,12.2,0.7,3.3,10.2,16.5,0.5,0.6,1,0.094,-3.2,0.8,-2.5,-0.1,78,158,0.494,0,1,0,78,157,0.5,0.49,22,39,0.564,43,81,124,42,7,21,20,61,178
Tyreke Evans,27,40,6,788,15.5,0.501,0.319,0.249,1.8,17.1,9.5,25.9,2.2,1,12.9,26.7,-0.2,0.9,0.7,0.045,-0.7,-0.1,-0.9,0.2,150,370,0.405,42,118,0.356,108,252,0.43,0.46,69,92,0.75,13,124,137,124,35,9,61,60,411
Tyson Chandler,34,47,46,1298,16.6,0.703,0,0.544,12.6,33.1,22.6,3.3,1.2,1.5,19.2,11.3,2.7,1.3,4,0.149,-0.7,0.3,-0.4,0.5,153,228,0.671,0,0,0,153,228,0.67,0.67,91,124,0.734,154,385,539,30,33,24,67,126,397
Tyus Jones,20,60,0,774,13.8,0.523,0.403,0.238,1.5,8.7,5,28,3.1,0.6,16,13.6,1,0.6,1.5,0.095,-0.4,-1.5,-1.9,0,75,181,0.414,26,73,0.356,49,108,0.45,0.49,33,43,0.767,10,57,67,156,47,5,38,50,209
Udonis Haslem,36,17,0,130,8.4,0.524,0.13,0.652,6.7,24.1,15.3,6.4,1.9,0.6,21.3,12.8,0,0.2,0.2,0.069,-4.9,1.1,-3.7,-0.1,11,23,0.478,0,3,0,11,20,0.55,0.48,9,15,0.6,8,28,36,6,5,1,8,22,31
Victor Oladipo,24,67,67,2222,13.6,0.534,0.378,0.165,1.9,12.6,7.2,12.5,1.7,0.8,10.6,21.4,1.7,2.3,4,0.085,-0.4,-0.9,-1.3,0.4,412,932,0.442,127,352,0.361,285,580,0.49,0.51,116,154,0.753,39,252,291,176,78,21,119,155,1067
Vince Carter,40,73,15,1799,11.7,0.542,0.604,0.235,2.2,12.5,7.2,11.5,1.7,1.9,8.5,14.9,1.9,2.1,4,0.106,0.1,0.9,1,1.4,193,490,0.394,112,296,0.378,81,194,0.42,0.51,88,115,0.765,36,191,227,133,60,36,50,163,586
Wade Baldwin,20,33,1,405,6.4,0.404,0.191,0.322,3,10.2,6.5,22.8,2.3,1.7,23.4,19.2,-0.9,0.5,-0.4,-0.045,-6.3,0.6,-5.8,-0.4,36,115,0.313,3,22,0.136,33,93,0.36,0.33,31,37,0.838,11,35,46,61,18,7,40,40,106
Wayne Ellington,29,62,13,1500,12.6,0.565,0.71,0.077,1.3,8.6,4.9,7.1,1.2,0.2,5,17.9,2.1,1.2,3.3,0.105,1.8,-1.9,-0.2,0.7,231,555,0.416,149,394,0.378,82,161,0.51,0.55,37,43,0.86,18,115,133,70,35,4,30,70,648
Wayne Selden,22,14,5,236,6.9,0.525,0.483,0.379,0.5,7.2,3.8,8.5,1.3,0.4,15.1,15.3,-0.1,0.2,0.1,0.017,-3.4,-1.6,-5,-0.2,25,58,0.431,7,28,0.25,18,30,0.6,0.49,14,22,0.636,1,15,16,13,6,1,12,18,71
Wesley Johnson,29,68,3,810,8.4,0.448,0.59,0.085,3.7,20.8,12.5,3.9,1.8,3,8,12.5,-0.3,1.2,0.9,0.051,-3.4,1.6,-1.8,0,73,200,0.365,29,118,0.246,44,82,0.54,0.44,11,17,0.647,26,155,181,23,29,30,18,83,186
Wesley Matthews,30,73,73,2495,11.9,0.533,0.566,0.211,0.8,11.8,6,13.6,1.6,0.6,9.9,19.4,1,2.1,3.1,0.06,0.2,-0.1,0.1,1.3,333,847,0.393,174,479,0.363,159,368,0.43,0.5,146,179,0.816,18,241,259,210,77,16,102,161,986
Will Barton,26,60,19,1705,15.5,0.547,0.353,0.285,3.8,12.8,8.4,17.7,1.4,1.3,11.5,21.1,2.5,0.8,3.3,0.093,1.3,-1,0.3,1,295,666,0.443,87,235,0.37,208,431,0.48,0.51,143,190,0.753,58,200,258,206,48,28,97,110,820
Willie Cauley-Stein,23,75,21,1421,16.4,0.558,0.004,0.314,7,20.5,13.8,9.4,1.9,2.9,11.2,19.6,1.4,1.5,3,0.1,-2,0.9,-1.1,0.3,255,481,0.53,0,2,0,255,479,0.53,0.53,101,151,0.669,85,255,340,80,53,45,69,147,611
Willie Reed,26,71,5,1031,17.1,0.578,0.014,0.309,13.7,22,17.8,3.9,0.9,3.6,8.7,15.3,2.1,1.5,3.6,0.168,-1.3,0.7,-0.6,0.4,162,285,0.568,1,4,0.25,161,281,0.57,0.57,49,88,0.557,129,203,332,26,18,47,31,137,374
Willy Hernangomez,22,72,22,1324,18.9,0.564,0.032,0.269,13.8,27.1,20.4,11.5,1.5,2.2,16.1,20.3,1.8,1.6,3.4,0.123,-0.6,0.6,0,0.7,246,465,0.529,4,15,0.267,242,450,0.54,0.53,91,125,0.728,170,332,502,96,41,36,100,150,587
Wilson Chandler,29,71,33,2197,14.9,0.545,0.347,0.207,5.2,17.7,11.5,9.8,1.2,1.1,10,22,2.4,1.1,3.6,0.078,0.5,-1.3,-0.8,0.7,433,939,0.461,110,326,0.337,323,613,0.53,0.52,141,194,0.727,103,356,459,141,52,30,114,172,1117
Yogi Ferrell,23,46,29,1197,13.1,0.533,0.447,0.226,1.8,9.2,5.3,23.2,1.8,0.7,13.9,19.6,0.8,1,1.8,0.072,-0.1,-0.7,-0.7,0.4,160,394,0.406,68,176,0.386,92,218,0.42,0.49,74,89,0.831,20,91,111,172,42,9,70,90,462
Zach LaVine,21,47,47,1749,14.6,0.576,0.437,0.197,1.2,9.5,5.3,12.6,1.2,0.5,9.9,21.7,2.5,0.4,3,0.082,2.1,-2.4,-0.3,0.8,326,710,0.459,120,310,0.387,206,400,0.52,0.54,117,140,0.836,18,141,159,139,41,10,85,104,889
Zach Randolph,35,73,5,1786,18.5,0.49,0.098,0.2,11.3,27.4,19.1,13.5,1.1,0.5,8.6,29.2,0.8,2.4,3.2,0.086,-1.4,-0.7,-2.1,0,433,964,0.449,21,94,0.223,412,870,0.47,0.46,141,193,0.731,182,416,598,122,38,10,99,136,1028
Zaza Pachulia,32,70,70,1268,16.1,0.588,0.007,0.41,12.9,22,17.7,13.6,2.2,2,19.5,15.3,2.2,2.5,4.7,0.177,-0.3,3,2.7,1.5,164,307,0.534,0,2,0,164,305,0.54,0.53,98,126,0.778,140,270,410,132,59,33,88,166,426
